customer_id,order_id,order_date,product_category,product_name,region,quantity,unit_price,revenue,year,month,month_name,segment
CUST161762,ORD0046891,2022-07-17,Home Appliances,Laptop,Ibadan,3,223671,671013,2022,7,<bound method PandasDelegate._add_delegate_accessors.<locals>._create_delegator_method.<locals>.f of <pandas.core.indexes.accessors.DatetimeProperties object at 0x000001F3106A2900>>,High
CUST131566,ORD0057029,2024-07-28,Office Supplies,Desk,Abuja,1,232448,232448,2024,7,<bound method PandasDelegate._add_delegate_accessors.<locals>._create_delegator_method.<locals>.f of <pandas.core.indexes.accessors.DatetimeProperties object at 0x000001F3106A2900>>,Mid
CUST193957,ORD0094321,2025-04-06,Electronics,Smartphone,Port Harcourt,4,120490,481960,2025,4,<bound method PandasDelegate._add_delegate_accessors.<locals>._create_delegator_method.<locals>.f of <pandas.core.indexes.accessors.DatetimeProperties object at 0x000001F3106A2900>>,High
CUST248657,ORD0043512,2021-02-09,Office Supplies,Smartphone,Port Harcourt,3,214452,643356,2021,2,<bound method PandasDelegate._add_delegate_accessors.<locals>._create_delegator_method.<locals>.f of <pandas.core.indexes.accessors.DatetimeProperties object at 0x000001F3106A2900>>,VIP
CUST182030,ORD0085561,2021-09-14,Office Supplies,Laptop,Port Harcourt,3,188400,565200,2021,9,<bound method PandasDelegate._add_delegate_accessors.<locals>._create_delegator_method.<locals>.f of <pandas.core.indexes.accessors.DatetimeProperties object at 0x000001F3106A2900>>,High
CUST292689,ORD0087480,2022-07-24,Home Appliances,Sneakers,Rivers,3,111463,334389,2022,7,<bound method PandasDelegate._add_delegate_accessors.<locals>._create_delegator_method.<locals>.f of <pandas.core.indexes.accessors.DatetimeProperties object at 0x000001F3106A2900>>,VIP
CUST295520,ORD0079682,2021-09-11,Electronics,Laptop,Port Harcourt,4,179869,719476,2021,9,<bound method PandasDelegate._add_delegate_accessors.<locals>._create_delegator_method.<locals>.f of <pandas.core.indexes.accessors.DatetimeProperties object at 0x000001F3106A2900>>,VIP
CUST169481,ORD0067246,2022-06-10,Electronics,Smartphone,Kano,2,122274,244548,2022,6,<bound method PandasDelegate._add_delegate_accessors.<locals>._create_delegator_method.<locals>.f of <pandas.core.indexes.accessors.DatetimeProperties object at 0x000001F3106A2900>>,Mid
CUST090090,ORD0088226,2023-11-06,Fashion,Printer,Abuja,1,11206,11206,2023,11,<bound method PandasDelegate._add_delegate_accessors.<locals>._create_delegator_method.<locals>.f of <pandas.core.indexes.accessors.DatetimeProperties object at 0x000001F3106A2900>>,Low
CUST085642,ORD0034541,2025-06-04,Electronics,Printer,Ibadan,5,77362,386810,2025,6,<bound method PandasDelegate._add_delegate_accessors.<locals>._create_delegator_method.<locals>.f of <pandas.core.indexes.accessors.DatetimeProperties object at 0x000001F3106A2900>>,VIP
CUST271343,ORD0024058,2022-04-11,Home Appliances,Desk,Lagos,3,119660,358980,2022,4,<bound method PandasDelegate._add_delegate_accessors.<locals>._create_delegator_method.<locals>.f of <pandas.core.indexes.accessors.DatetimeProperties object at 0x000001F3106A2900>>,VIP
CUST099681,ORD0095905,2023-07-29,Home Appliances,Laptop,Rivers,5,212574,1062870,2023,7,<bound method PandasDelegate._add_delegate_accessors.<locals>._create_delegator_method.<locals>.f of <pandas.core.indexes.accessors.DatetimeProperties object at 0x000001F3106A2900>>,VIP
CUST015720,ORD0077665,2024-10-09,Home Appliances,Laptop,Abuja,5,154571,772855,2024,10,<bound method PandasDelegate._add_delegate_accessors.<locals>._create_delegator_method.<locals>.f of <pandas.core.indexes.accessors.DatetimeProperties object at 0x000001F3106A2900>>,VIP
CUST115612,ORD0083180,2025-02-15,Electronics,Sneakers,Lagos,1,296620,296620,2025,2,<bound method PandasDelegate._add_delegate_accessors.<locals>._create_delegator_method.<locals>.f of <pandas.core.indexes.accessors.DatetimeProperties object at 0x000001F3106A2900>>,Mid
CUST284006,ORD0055758,2022-05-24,Home Appliances,Laptop,Enugu,5,61868,309340,2022,5,<bound method PandasDelegate._add_delegate_accessors.<locals>._create_delegator_method.<locals>.f of <pandas.core.indexes.accessors.DatetimeProperties object at 0x000001F3106A2900>>,Mid
CUST181192,ORD0014855,2023-01-29,Home Appliances,Laptop,Port Harcourt,1,203987,203987,2023,1,<bound method PandasDelegate._add_delegate_accessors.<locals>._create_delegator_method.<locals>.f of <pandas.core.indexes.accessors.DatetimeProperties object at 0x000001F3106A2900>>,Mid
CUST004748,ORD0055020,2024-03-27,Electronics,Desk,Abuja,3,119360,358080,2024,3,<bound method PandasDelegate._add_delegate_accessors.<locals>._create_delegator_method.<locals>.f of <pandas.core.indexes.accessors.DatetimeProperties object at 0x000001F3106A2900>>,High
CUST161404,ORD0019417,2024-03-24,Electronics,Blender,Port Harcourt,1,73536,73536,2024,3,<bound method PandasDelegate._add_delegate_accessors.<locals>._create_delegator_method.<locals>.f of <pandas.core.indexes.accessors.DatetimeProperties object at 0x000001F3106A2900>>,Low
CUST241453,ORD0013194,2023-10-21,Office Supplies,Printer,Abuja,3,117214,351642,2023,10,<bound method PandasDelegate._add_delegate_accessors.<locals>._create_delegator_method.<locals>.f of <pandas.core.indexes.accessors.DatetimeProperties object at 0x000001F3106A2900>>,Mid
CUST005196,ORD0061283,2025-08-21,Electronics,Laptop,Enugu,1,13274,13274,2025,8,<bound method PandasDelegate._add_delegate_accessors.<locals>._create_delegator_method.<locals>.f of <pandas.core.indexes.accessors.DatetimeProperties object at 0x000001F3106A2900>>,Low
CUST152351,ORD0022497,2024-03-20,Home Appliances,Sneakers,Kano,4,226156,904624,2024,3,<bound method PandasDelegate._add_delegate_accessors.<locals>._create_delegator_method.<locals>.f of <pandas.core.indexes.accessors.DatetimeProperties object at 0x000001F3106A2900>>,VIP
CUST160843,ORD0080360,2023-03-27,Office Supplies,Sneakers,Port Harcourt,2,199167,398334,2023,3,<bound method PandasDelegate._add_delegate_accessors.<locals>._create_delegator_method.<locals>.f of <pandas.core.indexes.accessors.DatetimeProperties object at 0x000001F3106A2900>>,Mid
CUST113883,ORD0067349,2021-08-07,Fashion,Blender,Port Harcourt,1,10358,10358,2021,8,<bound method PandasDelegate._add_delegate_accessors.<locals>._create_delegator_method.<locals>.f of <pandas.core.indexes.accessors.DatetimeProperties object at 0x000001F3106A2900>>,Low
CUST068592,ORD0011468,2023-12-05,Office Supplies,Printer,Kano,3,163389,490167,2023,12,<bound method PandasDelegate._add_delegate_accessors.<locals>._create_delegator_method.<locals>.f of <pandas.core.indexes.accessors.DatetimeProperties object at 0x000001F3106A2900>>,VIP
CUST277290,ORD0044389,2021-02-03,Electronics,Smartphone,Lagos,1,196454,196454,2021,2,<bound method PandasDelegate._add_delegate_accessors.<locals>._create_delegator_method.<locals>.f of <pandas.core.indexes.accessors.DatetimeProperties object at 0x000001F3106A2900>>,Mid
CUST178618,ORD0028600,2022-11-18,Electronics,Blender,Lagos,4,200271,801084,2022,11,<bound method PandasDelegate._add_delegate_accessors.<locals>._create_delegator_method.<locals>.f of <pandas.core.indexes.accessors.DatetimeProperties object at 0x000001F3106A2900>>,VIP
CUST045709,ORD0008438,2021-10-26,Fashion,Printer,Kano,5,216009,1080045,2021,10,<bound method PandasDelegate._add_delegate_accessors.<locals>._create_delegator_method.<locals>.f of <pandas.core.indexes.accessors.DatetimeProperties object at 0x000001F3106A2900>>,VIP
CUST091541,ORD0051181,2021-12-03,Office Supplies,Laptop,Enugu,1,288312,288312,2021,12,<bound method PandasDelegate._add_delegate_accessors.<locals>._create_delegator_method.<locals>.f of <pandas.core.indexes.accessors.DatetimeProperties object at 0x000001F3106A2900>>,Mid
CUST184668,ORD0095262,2025-06-14,Fashion,Smartphone,Ibadan,1,283982,283982,2025,6,<bound method PandasDelegate._add_delegate_accessors.<locals>._create_delegator_method.<locals>.f of <pandas.core.indexes.accessors.DatetimeProperties object at 0x000001F3106A2900>>,Mid
CUST256585,ORD0099438,2022-11-25,Office Supplies,Sneakers,Rivers,3,243628,730884,2022,11,<bound method PandasDelegate._add_delegate_accessors.<locals>._create_delegator_method.<locals>.f of <pandas.core.indexes.accessors.DatetimeProperties object at 0x000001F3106A2900>>,High
CUST060068,ORD0012670,2023-09-06,Electronics,Blender,Ibadan,3,19610,58830,2023,9,<bound method PandasDelegate._add_delegate_accessors.<locals>._create_delegator_method.<locals>.f of <pandas.core.indexes.accessors.DatetimeProperties object at 0x000001F3106A2900>>,Low
CUST151436,ORD0082725,2022-11-26,Fashion,Smartphone,Ibadan,4,11432,45728,2022,11,<bound method PandasDelegate._add_delegate_accessors.<locals>._create_delegator_method.<locals>.f of <pandas.core.indexes.accessors.DatetimeProperties object at 0x000001F3106A2900>>,High
CUST268832,ORD0073982,2022-03-13,Electronics,Desk,Enugu,3,268139,804417,2022,3,<bound method PandasDelegate._add_delegate_accessors.<locals>._create_delegator_method.<locals>.f of <pandas.core.indexes.accessors.DatetimeProperties object at 0x000001F3106A2900>>,VIP
CUST268294,ORD0052561,2021-07-14,Fashion,Blender,Ibadan,1,13089,13089,2021,7,<bound method PandasDelegate._add_delegate_accessors.<locals>._create_delegator_method.<locals>.f of <pandas.core.indexes.accessors.DatetimeProperties object at 0x000001F3106A2900>>,Low
CUST159386,ORD0042678,2022-07-03,Home Appliances,Sneakers,Enugu,5,143523,717615,2022,7,<bound method PandasDelegate._add_delegate_accessors.<locals>._create_delegator_method.<locals>.f of <pandas.core.indexes.accessors.DatetimeProperties object at 0x000001F3106A2900>>,High
CUST134176,ORD0094062,2021-08-05,Electronics,Blender,Lagos,5,40068,200340,2021,8,<bound method PandasDelegate._add_delegate_accessors.<locals>._create_delegator_method.<locals>.f of <pandas.core.indexes.accessors.DatetimeProperties object at 0x000001F3106A2900>>,Mid
CUST207790,ORD0084223,2021-08-03,Home Appliances,Laptop,Kano,2,252089,504178,2021,8,<bound method PandasDelegate._add_delegate_accessors.<locals>._create_delegator_method.<locals>.f of <pandas.core.indexes.accessors.DatetimeProperties object at 0x000001F3106A2900>>,High
CUST007115,ORD0028922,2022-09-23,Fashion,Tablet,Kano,1,78916,78916,2022,9,<bound method PandasDelegate._add_delegate_accessors.<locals>._create_delegator_method.<locals>.f of <pandas.core.indexes.accessors.DatetimeProperties object at 0x000001F3106A2900>>,Low
CUST079165,ORD0009410,2022-11-16,Office Supplies,Smartphone,Lagos,2,250437,500874,2022,11,<bound method PandasDelegate._add_delegate_accessors.<locals>._create_delegator_method.<locals>.f of <pandas.core.indexes.accessors.DatetimeProperties object at 0x000001F3106A2900>>,High
CUST022660,ORD0031658,2025-08-21,Electronics,Tablet,Ibadan,1,273495,273495,2025,8,<bound method PandasDelegate._add_delegate_accessors.<locals>._create_delegator_method.<locals>.f of <pandas.core.indexes.accessors.DatetimeProperties object at 0x000001F3106A2900>>,Mid
CUST298207,ORD0059869,2021-04-29,Office Supplies,Tablet,Enugu,2,149561,299122,2021,4,<bound method PandasDelegate._add_delegate_accessors.<locals>._create_delegator_method.<locals>.f of <pandas.core.indexes.accessors.DatetimeProperties object at 0x000001F3106A2900>>,VIP
CUST190220,ORD0037340,2023-06-01,Office Supplies,Laptop,Abuja,2,227293,454586,2023,6,<bound method PandasDelegate._add_delegate_accessors.<locals>._create_delegator_method.<locals>.f of <pandas.core.indexes.accessors.DatetimeProperties object at 0x000001F3106A2900>>,High
CUST172904,ORD0007425,2025-02-23,Home Appliances,Sneakers,Port Harcourt,2,296857,593714,2025,2,<bound method PandasDelegate._add_delegate_accessors.<locals>._create_delegator_method.<locals>.f of <pandas.core.indexes.accessors.DatetimeProperties object at 0x000001F3106A2900>>,VIP
CUST136598,ORD0051731,2025-09-28,Fashion,Blender,Kano,5,117083,585415,2025,9,<bound method PandasDelegate._add_delegate_accessors.<locals>._create_delegator_method.<locals>.f of <pandas.core.indexes.accessors.DatetimeProperties object at 0x000001F3106A2900>>,High
CUST041573,ORD0034857,2024-07-13,Home Appliances,Laptop,Kano,5,25758,128790,2024,7,<bound method PandasDelegate._add_delegate_accessors.<locals>._create_delegator_method.<locals>.f of <pandas.core.indexes.accessors.DatetimeProperties object at 0x000001F3106A2900>>,Low
CUST000618,ORD0025225,2022-03-20,Electronics,Smartphone,Kano,5,290517,1452585,2022,3,<bound method PandasDelegate._add_delegate_accessors.<locals>._create_delegator_method.<locals>.f of <pandas.core.indexes.accessors.DatetimeProperties object at 0x000001F3106A2900>>,VIP
CUST067149,ORD0051341,2023-03-21,Electronics,Laptop,Lagos,1,177699,177699,2023,3,<bound method PandasDelegate._add_delegate_accessors.<locals>._create_delegator_method.<locals>.f of <pandas.core.indexes.accessors.DatetimeProperties object at 0x000001F3106A2900>>,VIP
CUST161990,ORD0026850,2022-03-19,Office Supplies,Printer,Ibadan,5,81040,405200,2022,3,<bound method PandasDelegate._add_delegate_accessors.<locals>._create_delegator_method.<locals>.f of <pandas.core.indexes.accessors.DatetimeProperties object at 0x000001F3106A2900>>,High
CUST009073,ORD0090593,2023-01-12,Office Supplies,Printer,Kano,3,139884,419652,2023,1,<bound method PandasDelegate._add_delegate_accessors.<locals>._create_delegator_method.<locals>.f of <pandas.core.indexes.accessors.DatetimeProperties object at 0x000001F3106A2900>>,Mid
CUST071390,ORD0085578,2024-06-13,Fashion,Blender,Kano,1,140999,140999,2024,6,<bound method PandasDelegate._add_delegate_accessors.<locals>._create_delegator_method.<locals>.f of <pandas.core.indexes.accessors.DatetimeProperties object at 0x000001F3106A2900>>,Low
CUST161933,ORD0084429,2023-12-15,Home Appliances,Laptop,Rivers,3,208772,626316,2023,12,<bound method PandasDelegate._add_delegate_accessors.<locals>._create_delegator_method.<locals>.f of <pandas.core.indexes.accessors.DatetimeProperties object at 0x000001F3106A2900>>,VIP
CUST118042,ORD0086763,2023-07-19,Fashion,Laptop,Lagos,3,137093,411279,2023,7,<bound method PandasDelegate._add_delegate_accessors.<locals>._create_delegator_method.<locals>.f of <pandas.core.indexes.accessors.DatetimeProperties object at 0x000001F3106A2900>>,Mid
CUST096075,ORD0092766,2025-09-05,Fashion,Smartphone,Rivers,2,266957,533914,2025,9,<bound method PandasDelegate._add_delegate_accessors.<locals>._create_delegator_method.<locals>.f of <pandas.core.indexes.accessors.DatetimeProperties object at 0x000001F3106A2900>>,High
CUST050972,ORD0078417,2022-08-25,Fashion,Printer,Kano,4,257970,1031880,2022,8,<bound method PandasDelegate._add_delegate_accessors.<locals>._create_delegator_method.<locals>.f of <pandas.core.indexes.accessors.DatetimeProperties object at 0x000001F3106A2900>>,VIP
CUST091340,ORD0078993,2022-12-25,Fashion,Smartphone,Port Harcourt,2,175395,350790,2022,12,<bound method PandasDelegate._add_delegate_accessors.<locals>._create_delegator_method.<locals>.f of <pandas.core.indexes.accessors.DatetimeProperties object at 0x000001F3106A2900>>,Mid
CUST010893,ORD0036073,2022-12-22,Home Appliances,Smartphone,Port Harcourt,2,100581,201162,2022,12,<bound method PandasDelegate._add_delegate_accessors.<locals>._create_delegator_method.<locals>.f of <pandas.core.indexes.accessors.DatetimeProperties object at 0x000001F3106A2900>>,Mid
CUST266922,ORD0029600,2021-10-27,Home Appliances,Sneakers,Enugu,2,182602,365204,2021,10,<bound method PandasDelegate._add_delegate_accessors.<locals>._create_delegator_method.<locals>.f of <pandas.core.indexes.accessors.DatetimeProperties object at 0x000001F3106A2900>>,Mid
CUST157834,ORD0094983,2021-03-24,Fashion,Tablet,Kano,1,240451,240451,2021,3,<bound method PandasDelegate._add_delegate_accessors.<locals>._create_delegator_method.<locals>.f of <pandas.core.indexes.accessors.DatetimeProperties object at 0x000001F3106A2900>>,High
CUST255417,ORD0009901,2023-02-11,Home Appliances,Tablet,Abuja,3,51437,154311,2023,2,<bound method PandasDelegate._add_delegate_accessors.<locals>._create_delegator_method.<locals>.f of <pandas.core.indexes.accessors.DatetimeProperties object at 0x000001F3106A2900>>,Mid
CUST272740,ORD0098546,2023-04-07,Home Appliances,Sneakers,Port Harcourt,1,12263,12263,2023,4,<bound method PandasDelegate._add_delegate_accessors.<locals>._create_delegator_method.<locals>.f of <pandas.core.indexes.accessors.DatetimeProperties object at 0x000001F3106A2900>>,High
CUST022625,ORD0044590,2021-08-05,Electronics,Tablet,Port Harcourt,3,274246,822738,2021,8,<bound method PandasDelegate._add_delegate_accessors.<locals>._create_delegator_method.<locals>.f of <pandas.core.indexes.accessors.DatetimeProperties object at 0x000001F3106A2900>>,VIP
CUST288431,ORD0093132,2021-06-26,Home Appliances,Printer,Lagos,3,226322,678966,2021,6,<bound method PandasDelegate._add_delegate_accessors.<locals>._create_delegator_method.<locals>.f of <pandas.core.indexes.accessors.DatetimeProperties object at 0x000001F3106A2900>>,High
CUST039289,ORD0020014,2025-07-06,Office Supplies,Printer,Abuja,2,234146,468292,2025,7,<bound method PandasDelegate._add_delegate_accessors.<locals>._create_delegator_method.<locals>.f of <pandas.core.indexes.accessors.DatetimeProperties object at 0x000001F3106A2900>>,VIP
CUST096285,ORD0045300,2023-08-19,Electronics,Printer,Lagos,1,76477,76477,2023,8,<bound method PandasDelegate._add_delegate_accessors.<locals>._create_delegator_method.<locals>.f of <pandas.core.indexes.accessors.DatetimeProperties object at 0x000001F3106A2900>>,High
CUST080885,ORD0045233,2024-08-17,Fashion,Laptop,Lagos,1,155826,155826,2024,8,<bound method PandasDelegate._add_delegate_accessors.<locals>._create_delegator_method.<locals>.f of <pandas.core.indexes.accessors.DatetimeProperties object at 0x000001F3106A2900>>,Low
CUST010681,ORD0014544,2023-04-25,Office Supplies,Sneakers,Kano,3,288842,866526,2023,4,<bound method PandasDelegate._add_delegate_accessors.<locals>._create_delegator_method.<locals>.f of <pandas.core.indexes.accessors.DatetimeProperties object at 0x000001F3106A2900>>,VIP
CUST291543,ORD0050349,2024-02-29,Fashion,Smartphone,Port Harcourt,1,20820,20820,2024,2,<bound method PandasDelegate._add_delegate_accessors.<locals>._create_delegator_method.<locals>.f of <pandas.core.indexes.accessors.DatetimeProperties object at 0x000001F3106A2900>>,Low
CUST103414,ORD0093378,2024-07-23,Office Supplies,Laptop,Enugu,3,49377,148131,2024,7,<bound method PandasDelegate._add_delegate_accessors.<locals>._create_delegator_method.<locals>.f of <pandas.core.indexes.accessors.DatetimeProperties object at 0x000001F3106A2900>>,Low
CUST039427,ORD0081774,2021-04-24,Electronics,Sneakers,Kano,2,134551,269102,2021,4,<bound method PandasDelegate._add_delegate_accessors.<locals>._create_delegator_method.<locals>.f of <pandas.core.indexes.accessors.DatetimeProperties object at 0x000001F3106A2900>>,Mid
CUST016621,ORD0043883,2022-10-07,Fashion,Smartphone,Ibadan,4,130483,521932,2022,10,<bound method PandasDelegate._add_delegate_accessors.<locals>._create_delegator_method.<locals>.f of <pandas.core.indexes.accessors.DatetimeProperties object at 0x000001F3106A2900>>,High
CUST036377,ORD0053247,2025-01-26,Home Appliances,Laptop,Port Harcourt,2,20415,40830,2025,1,<bound method PandasDelegate._add_delegate_accessors.<locals>._create_delegator_method.<locals>.f of <pandas.core.indexes.accessors.DatetimeProperties object at 0x000001F3106A2900>>,High
CUST158762,ORD0062214,2025-06-21,Home Appliances,Printer,Lagos,4,172102,688408,2025,6,<bound method PandasDelegate._add_delegate_accessors.<locals>._create_delegator_method.<locals>.f of <pandas.core.indexes.accessors.DatetimeProperties object at 0x000001F3106A2900>>,VIP
CUST051994,ORD0011784,2021-10-16,Office Supplies,Desk,Port Harcourt,3,77064,231192,2021,10,<bound method PandasDelegate._add_delegate_accessors.<locals>._create_delegator_method.<locals>.f of <pandas.core.indexes.accessors.DatetimeProperties object at 0x000001F3106A2900>>,Mid
CUST273083,ORD0081360,2024-05-10,Home Appliances,Laptop,Lagos,3,36292,108876,2024,5,<bound method PandasDelegate._add_delegate_accessors.<locals>._create_delegator_method.<locals>.f of <pandas.core.indexes.accessors.DatetimeProperties object at 0x000001F3106A2900>>,Mid
CUST204884,ORD0030610,2022-02-20,Home Appliances,Printer,Enugu,1,15338,15338,2022,2,<bound method PandasDelegate._add_delegate_accessors.<locals>._create_delegator_method.<locals>.f of <pandas.core.indexes.accessors.DatetimeProperties object at 0x000001F3106A2900>>,Low
CUST184169,ORD0018106,2021-01-10,Office Supplies,Laptop,Lagos,2,228268,456536,2021,1,<bound method PandasDelegate._add_delegate_accessors.<locals>._create_delegator_method.<locals>.f of <pandas.core.indexes.accessors.DatetimeProperties object at 0x000001F3106A2900>>,High
CUST126909,ORD0026758,2023-12-20,Fashion,Laptop,Enugu,5,206199,1030995,2023,12,<bound method PandasDelegate._add_delegate_accessors.<locals>._create_delegator_method.<locals>.f of <pandas.core.indexes.accessors.DatetimeProperties object at 0x000001F3106A2900>>,VIP
CUST007744,ORD0095721,2025-03-24,Office Supplies,Sneakers,Abuja,5,17870,89350,2025,3,<bound method PandasDelegate._add_delegate_accessors.<locals>._create_delegator_method.<locals>.f of <pandas.core.indexes.accessors.DatetimeProperties object at 0x000001F3106A2900>>,Low
CUST004195,ORD0092578,2025-09-11,Office Supplies,Blender,Ibadan,5,200675,1003375,2025,9,<bound method PandasDelegate._add_delegate_accessors.<locals>._create_delegator_method.<locals>.f of <pandas.core.indexes.accessors.DatetimeProperties object at 0x000001F3106A2900>>,VIP
CUST241174,ORD0070857,2023-11-16,Fashion,Laptop,Kano,2,13049,26098,2023,11,<bound method PandasDelegate._add_delegate_accessors.<locals>._create_delegator_method.<locals>.f of <pandas.core.indexes.accessors.DatetimeProperties object at 0x000001F3106A2900>>,Low
CUST293751,ORD0054357,2021-12-30,Fashion,Printer,Port Harcourt,4,274715,1098860,2021,12,<bound method PandasDelegate._add_delegate_accessors.<locals>._create_delegator_method.<locals>.f of <pandas.core.indexes.accessors.DatetimeProperties object at 0x000001F3106A2900>>,VIP
CUST267952,ORD0025620,2023-06-07,Fashion,Tablet,Lagos,3,220050,660150,2023,6,<bound method PandasDelegate._add_delegate_accessors.<locals>._create_delegator_method.<locals>.f of <pandas.core.indexes.accessors.DatetimeProperties object at 0x000001F3106A2900>>,High
CUST193448,ORD0028572,2022-06-10,Office Supplies,Desk,Ibadan,4,101648,406592,2022,6,<bound method PandasDelegate._add_delegate_accessors.<locals>._create_delegator_method.<locals>.f of <pandas.core.indexes.accessors.DatetimeProperties object at 0x000001F3106A2900>>,High
CUST170807,ORD0055368,2021-05-14,Office Supplies,Tablet,Ibadan,5,7417,37085,2021,5,<bound method PandasDelegate._add_delegate_accessors.<locals>._create_delegator_method.<locals>.f of <pandas.core.indexes.accessors.DatetimeProperties object at 0x000001F3106A2900>>,Low
CUST165800,ORD0067428,2024-04-04,Office Supplies,Laptop,Ibadan,5,115053,575265,2024,4,<bound method PandasDelegate._add_delegate_accessors.<locals>._create_delegator_method.<locals>.f of <pandas.core.indexes.accessors.DatetimeProperties object at 0x000001F3106A2900>>,High
CUST147793,ORD0080819,2022-07-04,Home Appliances,Tablet,Lagos,4,273299,1093196,2022,7,<bound method PandasDelegate._add_delegate_accessors.<locals>._create_delegator_method.<locals>.f of <pandas.core.indexes.accessors.DatetimeProperties object at 0x000001F3106A2900>>,VIP
CUST138475,ORD0059596,2023-07-13,Home Appliances,Desk,Port Harcourt,3,240393,721179,2023,7,<bound method PandasDelegate._add_delegate_accessors.<locals>._create_delegator_method.<locals>.f of <pandas.core.indexes.accessors.DatetimeProperties object at 0x000001F3106A2900>>,VIP
CUST181567,ORD0039672,2022-01-16,Office Supplies,Printer,Lagos,3,201462,604386,2022,1,<bound method PandasDelegate._add_delegate_accessors.<locals>._create_delegator_method.<locals>.f of <pandas.core.indexes.accessors.DatetimeProperties object at 0x000001F3106A2900>>,High
CUST092919,ORD0079319,2023-04-09,Office Supplies,Tablet,Rivers,4,100672,402688,2023,4,<bound method PandasDelegate._add_delegate_accessors.<locals>._create_delegator_method.<locals>.f of <pandas.core.indexes.accessors.DatetimeProperties object at 0x000001F3106A2900>>,Mid
CUST122251,ORD0053641,2023-09-06,Electronics,Desk,Abuja,3,60655,181965,2023,9,<bound method PandasDelegate._add_delegate_accessors.<locals>._create_delegator_method.<locals>.f of <pandas.core.indexes.accessors.DatetimeProperties object at 0x000001F3106A2900>>,Low
CUST085962,ORD0061026,2022-11-27,Home Appliances,Tablet,Rivers,2,181725,363450,2022,11,<bound method PandasDelegate._add_delegate_accessors.<locals>._create_delegator_method.<locals>.f of <pandas.core.indexes.accessors.DatetimeProperties object at 0x000001F3106A2900>>,Mid
CUST118385,ORD0012369,2023-06-03,Electronics,Laptop,Rivers,3,79738,239214,2023,6,<bound method PandasDelegate._add_delegate_accessors.<locals>._create_delegator_method.<locals>.f of <pandas.core.indexes.accessors.DatetimeProperties object at 0x000001F3106A2900>>,Mid
CUST173502,ORD0005805,2024-03-12,Office Supplies,Smartphone,Rivers,3,208350,625050,2024,3,<bound method PandasDelegate._add_delegate_accessors.<locals>._create_delegator_method.<locals>.f of <pandas.core.indexes.accessors.DatetimeProperties object at 0x000001F3106A2900>>,High
CUST282248,ORD0000908,2021-12-15,Office Supplies,Blender,Lagos,1,200683,200683,2021,12,<bound method PandasDelegate._add_delegate_accessors.<locals>._create_delegator_method.<locals>.f of <pandas.core.indexes.accessors.DatetimeProperties object at 0x000001F3106A2900>>,Mid
CUST030280,ORD0040061,2023-12-30,Fashion,Tablet,Abuja,4,38237,152948,2023,12,<bound method PandasDelegate._add_delegate_accessors.<locals>._create_delegator_method.<locals>.f of <pandas.core.indexes.accessors.DatetimeProperties object at 0x000001F3106A2900>>,Low
CUST160102,ORD0078511,2025-04-19,Office Supplies,Sneakers,Enugu,1,230885,230885,2025,4,<bound method PandasDelegate._add_delegate_accessors.<locals>._create_delegator_method.<locals>.f of <pandas.core.indexes.accessors.DatetimeProperties object at 0x000001F3106A2900>>,Mid
CUST159693,ORD0077909,2021-03-06,Home Appliances,Laptop,Ibadan,2,106694,213388,2021,3,<bound method PandasDelegate._add_delegate_accessors.<locals>._create_delegator_method.<locals>.f of <pandas.core.indexes.accessors.DatetimeProperties object at 0x000001F3106A2900>>,Mid
CUST181878,ORD0012799,2021-04-06,Home Appliances,Blender,Kano,3,190040,570120,2021,4,<bound method PandasDelegate._add_delegate_accessors.<locals>._create_delegator_method.<locals>.f of <pandas.core.indexes.accessors.DatetimeProperties object at 0x000001F3106A2900>>,High
CUST103897,ORD0044707,2021-06-24,Home Appliances,Tablet,Abuja,1,15719,15719,2021,6,<bound method PandasDelegate._add_delegate_accessors.<locals>._create_delegator_method.<locals>.f of <pandas.core.indexes.accessors.DatetimeProperties object at 0x000001F3106A2900>>,Low
CUST202383,ORD0017539,2025-10-14,Office Supplies,Laptop,Enugu,4,64652,258608,2025,10,<bound method PandasDelegate._add_delegate_accessors.<locals>._create_delegator_method.<locals>.f of <pandas.core.indexes.accessors.DatetimeProperties object at 0x000001F3106A2900>>,Mid
CUST246577,ORD0037338,2025-08-31,Electronics,Sneakers,Port Harcourt,3,253014,759042,2025,8,<bound method PandasDelegate._add_delegate_accessors.<locals>._create_delegator_method.<locals>.f of <pandas.core.indexes.accessors.DatetimeProperties object at 0x000001F3106A2900>>,High
CUST113013,ORD0006338,2022-05-20,Home Appliances,Desk,Kano,3,149325,447975,2022,5,<bound method PandasDelegate._add_delegate_accessors.<locals>._create_delegator_method.<locals>.f of <pandas.core.indexes.accessors.DatetimeProperties object at 0x000001F3106A2900>>,High
CUST054016,ORD0064793,2024-08-24,Home Appliances,Sneakers,Abuja,4,114466,457864,2024,8,<bound method PandasDelegate._add_delegate_accessors.<locals>._create_delegator_method.<locals>.f of <pandas.core.indexes.accessors.DatetimeProperties object at 0x000001F3106A2900>>,High
CUST221121,ORD0094426,2021-08-26,Office Supplies,Printer,Lagos,4,266672,1066688,2021,8,<bound method PandasDelegate._add_delegate_accessors.<locals>._create_delegator_method.<locals>.f of <pandas.core.indexes.accessors.DatetimeProperties object at 0x000001F3106A2900>>,VIP
CUST019334,ORD0062198,2022-12-08,Fashion,Sneakers,Rivers,2,6089,12178,2022,12,<bound method PandasDelegate._add_delegate_accessors.<locals>._create_delegator_method.<locals>.f of <pandas.core.indexes.accessors.DatetimeProperties object at 0x000001F3106A2900>>,Low
CUST045993,ORD0065483,2023-02-06,Office Supplies,Printer,Enugu,2,107848,215696,2023,2,<bound method PandasDelegate._add_delegate_accessors.<locals>._create_delegator_method.<locals>.f of <pandas.core.indexes.accessors.DatetimeProperties object at 0x000001F3106A2900>>,Mid
CUST242221,ORD0023711,2022-01-26,Electronics,Blender,Abuja,4,223424,893696,2022,1,<bound method PandasDelegate._add_delegate_accessors.<locals>._create_delegator_method.<locals>.f of <pandas.core.indexes.accessors.DatetimeProperties object at 0x000001F3106A2900>>,VIP
CUST171834,ORD0030233,2022-10-04,Office Supplies,Desk,Kano,2,202501,405002,2022,10,<bound method PandasDelegate._add_delegate_accessors.<locals>._create_delegator_method.<locals>.f of <pandas.core.indexes.accessors.DatetimeProperties object at 0x000001F3106A2900>>,Mid
CUST169931,ORD0080779,2023-04-15,Electronics,Sneakers,Abuja,5,153019,765095,2023,4,<bound method PandasDelegate._add_delegate_accessors.<locals>._create_delegator_method.<locals>.f of <pandas.core.indexes.accessors.DatetimeProperties object at 0x000001F3106A2900>>,VIP
CUST113284,ORD0036861,2023-06-14,Home Appliances,Sneakers,Rivers,5,56697,283485,2023,6,<bound method PandasDelegate._add_delegate_accessors.<locals>._create_delegator_method.<locals>.f of <pandas.core.indexes.accessors.DatetimeProperties object at 0x000001F3106A2900>>,VIP
CUST150932,ORD0029961,2022-02-02,Electronics,Tablet,Enugu,4,260673,1042692,2022,2,<bound method PandasDelegate._add_delegate_accessors.<locals>._create_delegator_method.<locals>.f of <pandas.core.indexes.accessors.DatetimeProperties object at 0x000001F3106A2900>>,VIP
CUST219475,ORD0048985,2024-06-14,Office Supplies,Tablet,Abuja,2,190534,381068,2024,6,<bound method PandasDelegate._add_delegate_accessors.<locals>._create_delegator_method.<locals>.f of <pandas.core.indexes.accessors.DatetimeProperties object at 0x000001F3106A2900>>,Mid
CUST092205,ORD0073763,2023-07-08,Home Appliances,Blender,Enugu,4,256913,1027652,2023,7,<bound method PandasDelegate._add_delegate_accessors.<locals>._create_delegator_method.<locals>.f of <pandas.core.indexes.accessors.DatetimeProperties object at 0x000001F3106A2900>>,VIP
CUST259712,ORD0012870,2025-10-02,Home Appliances,Tablet,Kano,4,46976,187904,2025,10,<bound method PandasDelegate._add_delegate_accessors.<locals>._create_delegator_method.<locals>.f of <pandas.core.indexes.accessors.DatetimeProperties object at 0x000001F3106A2900>>,Low
CUST115392,ORD0012975,2023-07-23,Office Supplies,Sneakers,Kano,1,19594,19594,2023,7,<bound method PandasDelegate._add_delegate_accessors.<locals>._create_delegator_method.<locals>.f of <pandas.core.indexes.accessors.DatetimeProperties object at 0x000001F3106A2900>>,Low
CUST213472,ORD0062153,2023-01-19,Office Supplies,Blender,Lagos,1,153829,153829,2023,1,<bound method PandasDelegate._add_delegate_accessors.<locals>._create_delegator_method.<locals>.f of <pandas.core.indexes.accessors.DatetimeProperties object at 0x000001F3106A2900>>,Low
CUST153963,ORD0001345,2024-03-14,Electronics,Laptop,Lagos,2,296813,593626,2024,3,<bound method PandasDelegate._add_delegate_accessors.<locals>._create_delegator_method.<locals>.f of <pandas.core.indexes.accessors.DatetimeProperties object at 0x000001F3106A2900>>,High
CUST048600,ORD0087206,2025-10-21,Home Appliances,Laptop,Abuja,1,77420,77420,2025,10,<bound method PandasDelegate._add_delegate_accessors.<locals>._create_delegator_method.<locals>.f of <pandas.core.indexes.accessors.DatetimeProperties object at 0x000001F3106A2900>>,Low
CUST206385,ORD0008369,2022-01-09,Electronics,Laptop,Rivers,5,44518,222590,2022,1,<bound method PandasDelegate._add_delegate_accessors.<locals>._create_delegator_method.<locals>.f of <pandas.core.indexes.accessors.DatetimeProperties object at 0x000001F3106A2900>>,VIP
CUST196275,ORD0046063,2021-10-26,Office Supplies,Laptop,Rivers,4,29775,119100,2021,10,<bound method PandasDelegate._add_delegate_accessors.<locals>._create_delegator_method.<locals>.f of <pandas.core.indexes.accessors.DatetimeProperties object at 0x000001F3106A2900>>,High
CUST166220,ORD0059044,2024-03-10,Home Appliances,Desk,Kano,1,188063,188063,2024,3,<bound method PandasDelegate._add_delegate_accessors.<locals>._create_delegator_method.<locals>.f of <pandas.core.indexes.accessors.DatetimeProperties object at 0x000001F3106A2900>>,Low
CUST099676,ORD0038464,2025-04-22,Electronics,Laptop,Rivers,5,235679,1178395,2025,4,<bound method PandasDelegate._add_delegate_accessors.<locals>._create_delegator_method.<locals>.f of <pandas.core.indexes.accessors.DatetimeProperties object at 0x000001F3106A2900>>,VIP
CUST143117,ORD0070496,2023-07-26,Home Appliances,Desk,Rivers,2,277150,554300,2023,7,<bound method PandasDelegate._add_delegate_accessors.<locals>._create_delegator_method.<locals>.f of <pandas.core.indexes.accessors.DatetimeProperties object at 0x000001F3106A2900>>,VIP
CUST172472,ORD0057122,2023-04-30,Fashion,Smartphone,Port Harcourt,4,235892,943568,2023,4,<bound method PandasDelegate._add_delegate_accessors.<locals>._create_delegator_method.<locals>.f of <pandas.core.indexes.accessors.DatetimeProperties object at 0x000001F3106A2900>>,VIP
CUST052795,ORD0065005,2023-07-28,Electronics,Sneakers,Lagos,2,147500,295000,2023,7,<bound method PandasDelegate._add_delegate_accessors.<locals>._create_delegator_method.<locals>.f of <pandas.core.indexes.accessors.DatetimeProperties object at 0x000001F3106A2900>>,Mid
CUST095784,ORD0099246,2021-10-28,Fashion,Laptop,Lagos,2,67436,134872,2021,10,<bound method PandasDelegate._add_delegate_accessors.<locals>._create_delegator_method.<locals>.f of <pandas.core.indexes.accessors.DatetimeProperties object at 0x000001F3106A2900>>,Low
CUST141759,ORD0009452,2021-08-01,Home Appliances,Desk,Enugu,5,148484,742420,2021,8,<bound method PandasDelegate._add_delegate_accessors.<locals>._create_delegator_method.<locals>.f of <pandas.core.indexes.accessors.DatetimeProperties object at 0x000001F3106A2900>>,High
CUST257815,ORD0093820,2021-04-11,Home Appliances,Printer,Port Harcourt,4,52133,208532,2021,4,<bound method PandasDelegate._add_delegate_accessors.<locals>._create_delegator_method.<locals>.f of <pandas.core.indexes.accessors.DatetimeProperties object at 0x000001F3106A2900>>,Mid
CUST083349,ORD0090450,2021-07-31,Office Supplies,Blender,Abuja,1,60392,60392,2021,7,<bound method PandasDelegate._add_delegate_accessors.<locals>._create_delegator_method.<locals>.f of <pandas.core.indexes.accessors.DatetimeProperties object at 0x000001F3106A2900>>,Low
CUST034233,ORD0041843,2023-12-20,Electronics,Blender,Abuja,3,80355,241065,2023,12,<bound method PandasDelegate._add_delegate_accessors.<locals>._create_delegator_method.<locals>.f of <pandas.core.indexes.accessors.DatetimeProperties object at 0x000001F3106A2900>>,Mid
CUST054021,ORD0079650,2022-02-14,Home Appliances,Smartphone,Port Harcourt,1,233615,233615,2022,2,<bound method PandasDelegate._add_delegate_accessors.<locals>._create_delegator_method.<locals>.f of <pandas.core.indexes.accessors.DatetimeProperties object at 0x000001F3106A2900>>,Mid
CUST160831,ORD0099817,2025-01-09,Electronics,Laptop,Lagos,4,186527,746108,2025,1,<bound method PandasDelegate._add_delegate_accessors.<locals>._create_delegator_method.<locals>.f of <pandas.core.indexes.accessors.DatetimeProperties object at 0x000001F3106A2900>>,High
CUST068461,ORD0023776,2021-06-08,Office Supplies,Desk,Enugu,2,257508,515016,2021,6,<bound method PandasDelegate._add_delegate_accessors.<locals>._create_delegator_method.<locals>.f of <pandas.core.indexes.accessors.DatetimeProperties object at 0x000001F3106A2900>>,High
CUST199989,ORD0008220,2025-07-31,Fashion,Printer,Ibadan,5,212492,1062460,2025,7,<bound method PandasDelegate._add_delegate_accessors.<locals>._create_delegator_method.<locals>.f of <pandas.core.indexes.accessors.DatetimeProperties object at 0x000001F3106A2900>>,VIP
CUST176221,ORD0049591,2025-06-21,Office Supplies,Tablet,Rivers,3,31575,94725,2025,6,<bound method PandasDelegate._add_delegate_accessors.<locals>._create_delegator_method.<locals>.f of <pandas.core.indexes.accessors.DatetimeProperties object at 0x000001F3106A2900>>,Low
CUST201616,ORD0081481,2023-12-10,Electronics,Desk,Port Harcourt,3,65235,195705,2023,12,<bound method PandasDelegate._add_delegate_accessors.<locals>._create_delegator_method.<locals>.f of <pandas.core.indexes.accessors.DatetimeProperties object at 0x000001F3106A2900>>,High
CUST012325,ORD0033812,2025-07-24,Home Appliances,Smartphone,Abuja,1,97563,97563,2025,7,<bound method PandasDelegate._add_delegate_accessors.<locals>._create_delegator_method.<locals>.f of <pandas.core.indexes.accessors.DatetimeProperties object at 0x000001F3106A2900>>,Mid
CUST126418,ORD0009149,2024-12-24,Office Supplies,Sneakers,Enugu,4,114363,457452,2024,12,<bound method PandasDelegate._add_delegate_accessors.<locals>._create_delegator_method.<locals>.f of <pandas.core.indexes.accessors.DatetimeProperties object at 0x000001F3106A2900>>,High
CUST031779,ORD0002831,2023-05-14,Fashion,Laptop,Port Harcourt,4,138385,553540,2023,5,<bound method PandasDelegate._add_delegate_accessors.<locals>._create_delegator_method.<locals>.f of <pandas.core.indexes.accessors.DatetimeProperties object at 0x000001F3106A2900>>,VIP
CUST231684,ORD0064149,2023-08-27,Fashion,Sneakers,Port Harcourt,1,69232,69232,2023,8,<bound method PandasDelegate._add_delegate_accessors.<locals>._create_delegator_method.<locals>.f of <pandas.core.indexes.accessors.DatetimeProperties object at 0x000001F3106A2900>>,Low
CUST284076,ORD0083404,2024-08-03,Fashion,Sneakers,Kano,4,151714,606856,2024,8,<bound method PandasDelegate._add_delegate_accessors.<locals>._create_delegator_method.<locals>.f of <pandas.core.indexes.accessors.DatetimeProperties object at 0x000001F3106A2900>>,High
CUST201756,ORD0015521,2023-02-20,Office Supplies,Smartphone,Rivers,1,222759,222759,2023,2,<bound method PandasDelegate._add_delegate_accessors.<locals>._create_delegator_method.<locals>.f of <pandas.core.indexes.accessors.DatetimeProperties object at 0x000001F3106A2900>>,Mid
CUST068121,ORD0031484,2022-10-03,Electronics,Smartphone,Rivers,1,169558,169558,2022,10,<bound method PandasDelegate._add_delegate_accessors.<locals>._create_delegator_method.<locals>.f of <pandas.core.indexes.accessors.DatetimeProperties object at 0x000001F3106A2900>>,Low
CUST263036,ORD0015390,2025-03-10,Fashion,Sneakers,Abuja,2,41717,83434,2025,3,<bound method PandasDelegate._add_delegate_accessors.<locals>._create_delegator_method.<locals>.f of <pandas.core.indexes.accessors.DatetimeProperties object at 0x000001F3106A2900>>,Low
CUST124640,ORD0067324,2025-04-27,Electronics,Desk,Lagos,1,40142,40142,2025,4,<bound method PandasDelegate._add_delegate_accessors.<locals>._create_delegator_method.<locals>.f of <pandas.core.indexes.accessors.DatetimeProperties object at 0x000001F3106A2900>>,Low
CUST292255,ORD0021017,2021-08-18,Electronics,Blender,Kano,4,298555,1194220,2021,8,<bound method PandasDelegate._add_delegate_accessors.<locals>._create_delegator_method.<locals>.f of <pandas.core.indexes.accessors.DatetimeProperties object at 0x000001F3106A2900>>,VIP
CUST231194,ORD0060729,2024-02-07,Electronics,Printer,Ibadan,5,197994,989970,2024,2,<bound method PandasDelegate._add_delegate_accessors.<locals>._create_delegator_method.<locals>.f of <pandas.core.indexes.accessors.DatetimeProperties object at 0x000001F3106A2900>>,VIP
CUST234498,ORD0041406,2024-09-25,Home Appliances,Sneakers,Kano,1,226746,226746,2024,9,<bound method PandasDelegate._add_delegate_accessors.<locals>._create_delegator_method.<locals>.f of <pandas.core.indexes.accessors.DatetimeProperties object at 0x000001F3106A2900>>,Mid
CUST001883,ORD0056546,2022-12-25,Home Appliances,Printer,Enugu,2,297136,594272,2022,12,<bound method PandasDelegate._add_delegate_accessors.<locals>._create_delegator_method.<locals>.f of <pandas.core.indexes.accessors.DatetimeProperties object at 0x000001F3106A2900>>,High
CUST282797,ORD0082591,2023-12-13,Electronics,Laptop,Enugu,3,178772,536316,2023,12,<bound method PandasDelegate._add_delegate_accessors.<locals>._create_delegator_method.<locals>.f of <pandas.core.indexes.accessors.DatetimeProperties object at 0x000001F3106A2900>>,High
CUST034534,ORD0021703,2023-12-19,Fashion,Desk,Ibadan,1,246537,246537,2023,12,<bound method PandasDelegate._add_delegate_accessors.<locals>._create_delegator_method.<locals>.f of <pandas.core.indexes.accessors.DatetimeProperties object at 0x000001F3106A2900>>,Mid
CUST120526,ORD0025939,2024-01-01,Fashion,Printer,Port Harcourt,2,93714,187428,2024,1,<bound method PandasDelegate._add_delegate_accessors.<locals>._create_delegator_method.<locals>.f of <pandas.core.indexes.accessors.DatetimeProperties object at 0x000001F3106A2900>>,VIP
CUST004221,ORD0076097,2025-10-24,Electronics,Sneakers,Rivers,2,49734,99468,2025,10,<bound method PandasDelegate._add_delegate_accessors.<locals>._create_delegator_method.<locals>.f of <pandas.core.indexes.accessors.DatetimeProperties object at 0x000001F3106A2900>>,Mid
CUST221422,ORD0049468,2024-01-16,Office Supplies,Smartphone,Rivers,2,292336,584672,2024,1,<bound method PandasDelegate._add_delegate_accessors.<locals>._create_delegator_method.<locals>.f of <pandas.core.indexes.accessors.DatetimeProperties object at 0x000001F3106A2900>>,VIP
CUST250153,ORD0018990,2024-07-19,Home Appliances,Desk,Ibadan,2,130414,260828,2024,7,<bound method PandasDelegate._add_delegate_accessors.<locals>._create_delegator_method.<locals>.f of <pandas.core.indexes.accessors.DatetimeProperties object at 0x000001F3106A2900>>,Mid
CUST285047,ORD0043775,2024-04-06,Home Appliances,Sneakers,Port Harcourt,1,13119,13119,2024,4,<bound method PandasDelegate._add_delegate_accessors.<locals>._create_delegator_method.<locals>.f of <pandas.core.indexes.accessors.DatetimeProperties object at 0x000001F3106A2900>>,High
CUST129935,ORD0075142,2023-08-31,Home Appliances,Tablet,Lagos,2,13727,27454,2023,8,<bound method PandasDelegate._add_delegate_accessors.<locals>._create_delegator_method.<locals>.f of <pandas.core.indexes.accessors.DatetimeProperties object at 0x000001F3106A2900>>,Low
CUST204146,ORD0077524,2023-11-26,Electronics,Laptop,Lagos,1,274437,274437,2023,11,<bound method PandasDelegate._add_delegate_accessors.<locals>._create_delegator_method.<locals>.f of <pandas.core.indexes.accessors.DatetimeProperties object at 0x000001F3106A2900>>,Mid
CUST178752,ORD0018688,2023-02-17,Electronics,Desk,Abuja,4,144746,578984,2023,2,<bound method PandasDelegate._add_delegate_accessors.<locals>._create_delegator_method.<locals>.f of <pandas.core.indexes.accessors.DatetimeProperties object at 0x000001F3106A2900>>,High
CUST132966,ORD0006385,2022-03-13,Fashion,Sneakers,Rivers,4,295912,1183648,2022,3,<bound method PandasDelegate._add_delegate_accessors.<locals>._create_delegator_method.<locals>.f of <pandas.core.indexes.accessors.DatetimeProperties object at 0x000001F3106A2900>>,VIP
CUST114792,ORD0087376,2025-05-06,Fashion,Tablet,Lagos,4,31376,125504,2025,5,<bound method PandasDelegate._add_delegate_accessors.<locals>._create_delegator_method.<locals>.f of <pandas.core.indexes.accessors.DatetimeProperties object at 0x000001F3106A2900>>,Low
CUST217444,ORD0017211,2022-09-11,Office Supplies,Blender,Kano,1,10104,10104,2022,9,<bound method PandasDelegate._add_delegate_accessors.<locals>._create_delegator_method.<locals>.f of <pandas.core.indexes.accessors.DatetimeProperties object at 0x000001F3106A2900>>,Low
CUST095069,ORD0048736,2022-09-30,Electronics,Tablet,Lagos,2,148021,296042,2022,9,<bound method PandasDelegate._add_delegate_accessors.<locals>._create_delegator_method.<locals>.f of <pandas.core.indexes.accessors.DatetimeProperties object at 0x000001F3106A2900>>,VIP
CUST066514,ORD0038439,2023-04-17,Electronics,Smartphone,Ibadan,5,200590,1002950,2023,4,<bound method PandasDelegate._add_delegate_accessors.<locals>._create_delegator_method.<locals>.f of <pandas.core.indexes.accessors.DatetimeProperties object at 0x000001F3106A2900>>,VIP
CUST280321,ORD0082486,2022-06-23,Fashion,Sneakers,Lagos,1,236187,236187,2022,6,<bound method PandasDelegate._add_delegate_accessors.<locals>._create_delegator_method.<locals>.f of <pandas.core.indexes.accessors.DatetimeProperties object at 0x000001F3106A2900>>,Mid
CUST218678,ORD0057957,2024-08-02,Electronics,Blender,Kano,1,12336,12336,2024,8,<bound method PandasDelegate._add_delegate_accessors.<locals>._create_delegator_method.<locals>.f of <pandas.core.indexes.accessors.DatetimeProperties object at 0x000001F3106A2900>>,Low
CUST061264,ORD0080220,2025-01-27,Fashion,Laptop,Rivers,4,118438,473752,2025,1,<bound method PandasDelegate._add_delegate_accessors.<locals>._create_delegator_method.<locals>.f of <pandas.core.indexes.accessors.DatetimeProperties object at 0x000001F3106A2900>>,High
CUST291866,ORD0097800,2022-05-19,Fashion,Smartphone,Kano,4,279270,1117080,2022,5,<bound method PandasDelegate._add_delegate_accessors.<locals>._create_delegator_method.<locals>.f of <pandas.core.indexes.accessors.DatetimeProperties object at 0x000001F3106A2900>>,VIP
CUST144924,ORD0005090,2025-12-30,Home Appliances,Blender,Enugu,4,283834,1135336,2025,12,<bound method PandasDelegate._add_delegate_accessors.<locals>._create_delegator_method.<locals>.f of <pandas.core.indexes.accessors.DatetimeProperties object at 0x000001F3106A2900>>,VIP
CUST284908,ORD0006654,2022-02-24,Office Supplies,Laptop,Port Harcourt,5,287166,1435830,2022,2,<bound method PandasDelegate._add_delegate_accessors.<locals>._create_delegator_method.<locals>.f of <pandas.core.indexes.accessors.DatetimeProperties object at 0x000001F3106A2900>>,VIP
CUST288082,ORD0049571,2021-10-08,Home Appliances,Desk,Ibadan,3,246627,739881,2021,10,<bound method PandasDelegate._add_delegate_accessors.<locals>._create_delegator_method.<locals>.f of <pandas.core.indexes.accessors.DatetimeProperties object at 0x000001F3106A2900>>,High
CUST105895,ORD0086932,2023-03-22,Electronics,Printer,Kano,3,83729,251187,2023,3,<bound method PandasDelegate._add_delegate_accessors.<locals>._create_delegator_method.<locals>.f of <pandas.core.indexes.accessors.DatetimeProperties object at 0x000001F3106A2900>>,VIP
CUST218812,ORD0031501,2024-02-27,Office Supplies,Desk,Kano,3,214565,643695,2024,2,<bound method PandasDelegate._add_delegate_accessors.<locals>._create_delegator_method.<locals>.f of <pandas.core.indexes.accessors.DatetimeProperties object at 0x000001F3106A2900>>,High
CUST026593,ORD0062858,2021-03-19,Home Appliances,Smartphone,Rivers,5,281806,1409030,2021,3,<bound method PandasDelegate._add_delegate_accessors.<locals>._create_delegator_method.<locals>.f of <pandas.core.indexes.accessors.DatetimeProperties object at 0x000001F3106A2900>>,VIP
CUST101361,ORD0089983,2023-01-29,Office Supplies,Desk,Lagos,3,221490,664470,2023,1,<bound method PandasDelegate._add_delegate_accessors.<locals>._create_delegator_method.<locals>.f of <pandas.core.indexes.accessors.DatetimeProperties object at 0x000001F3106A2900>>,High
CUST021391,ORD0063117,2024-12-24,Electronics,Blender,Abuja,2,231991,463982,2024,12,<bound method PandasDelegate._add_delegate_accessors.<locals>._create_delegator_method.<locals>.f of <pandas.core.indexes.accessors.DatetimeProperties object at 0x000001F3106A2900>>,VIP
CUST189920,ORD0074314,2025-06-19,Electronics,Smartphone,Rivers,4,245030,980120,2025,6,<bound method PandasDelegate._add_delegate_accessors.<locals>._create_delegator_method.<locals>.f of <pandas.core.indexes.accessors.DatetimeProperties object at 0x000001F3106A2900>>,VIP
CUST165348,ORD0058221,2024-02-06,Office Supplies,Smartphone,Enugu,4,22694,90776,2024,2,<bound method PandasDelegate._add_delegate_accessors.<locals>._create_delegator_method.<locals>.f of <pandas.core.indexes.accessors.DatetimeProperties object at 0x000001F3106A2900>>,Low
CUST179348,ORD0081184,2025-10-21,Office Supplies,Blender,Lagos,5,240529,1202645,2025,10,<bound method PandasDelegate._add_delegate_accessors.<locals>._create_delegator_method.<locals>.f of <pandas.core.indexes.accessors.DatetimeProperties object at 0x000001F3106A2900>>,VIP
CUST059219,ORD0073983,2024-08-05,Electronics,Sneakers,Port Harcourt,2,98770,197540,2024,8,<bound method PandasDelegate._add_delegate_accessors.<locals>._create_delegator_method.<locals>.f of <pandas.core.indexes.accessors.DatetimeProperties object at 0x000001F3106A2900>>,Mid
CUST109319,ORD0034394,2022-12-17,Home Appliances,Sneakers,Port Harcourt,5,92994,464970,2022,12,<bound method PandasDelegate._add_delegate_accessors.<locals>._create_delegator_method.<locals>.f of <pandas.core.indexes.accessors.DatetimeProperties object at 0x000001F3106A2900>>,High
CUST008551,ORD0069629,2023-05-10,Fashion,Desk,Kano,4,175663,702652,2023,5,<bound method PandasDelegate._add_delegate_accessors.<locals>._create_delegator_method.<locals>.f of <pandas.core.indexes.accessors.DatetimeProperties object at 0x000001F3106A2900>>,High
CUST204653,ORD0087749,2024-12-02,Home Appliances,Smartphone,Ibadan,5,114699,573495,2024,12,<bound method PandasDelegate._add_delegate_accessors.<locals>._create_delegator_method.<locals>.f of <pandas.core.indexes.accessors.DatetimeProperties object at 0x000001F3106A2900>>,VIP
CUST272191,ORD0068290,2024-08-31,Home Appliances,Printer,Lagos,4,237681,950724,2024,8,<bound method PandasDelegate._add_delegate_accessors.<locals>._create_delegator_method.<locals>.f of <pandas.core.indexes.accessors.DatetimeProperties object at 0x000001F3106A2900>>,VIP
CUST034564,ORD0019507,2023-05-15,Fashion,Blender,Ibadan,4,278605,1114420,2023,5,<bound method PandasDelegate._add_delegate_accessors.<locals>._create_delegator_method.<locals>.f of <pandas.core.indexes.accessors.DatetimeProperties object at 0x000001F3106A2900>>,VIP
CUST114209,ORD0089872,2024-10-30,Home Appliances,Printer,Enugu,2,217810,435620,2024,10,<bound method PandasDelegate._add_delegate_accessors.<locals>._create_delegator_method.<locals>.f of <pandas.core.indexes.accessors.DatetimeProperties object at 0x000001F3106A2900>>,High
CUST003697,ORD0003311,2023-04-29,Office Supplies,Smartphone,Abuja,2,145581,291162,2023,4,<bound method PandasDelegate._add_delegate_accessors.<locals>._create_delegator_method.<locals>.f of <pandas.core.indexes.accessors.DatetimeProperties object at 0x000001F3106A2900>>,Mid
CUST187276,ORD0037600,2021-08-13,Home Appliances,Tablet,Abuja,2,297830,595660,2021,8,<bound method PandasDelegate._add_delegate_accessors.<locals>._create_delegator_method.<locals>.f of <pandas.core.indexes.accessors.DatetimeProperties object at 0x000001F3106A2900>>,High
CUST228256,ORD0042920,2024-09-02,Office Supplies,Printer,Lagos,2,44815,89630,2024,9,<bound method PandasDelegate._add_delegate_accessors.<locals>._create_delegator_method.<locals>.f of <pandas.core.indexes.accessors.DatetimeProperties object at 0x000001F3106A2900>>,Low
CUST244792,ORD0072951,2023-12-23,Electronics,Blender,Port Harcourt,4,82342,329368,2023,12,<bound method PandasDelegate._add_delegate_accessors.<locals>._create_delegator_method.<locals>.f of <pandas.core.indexes.accessors.DatetimeProperties object at 0x000001F3106A2900>>,Mid
CUST166509,ORD0003683,2023-01-19,Office Supplies,Laptop,Lagos,4,188494,753976,2023,1,<bound method PandasDelegate._add_delegate_accessors.<locals>._create_delegator_method.<locals>.f of <pandas.core.indexes.accessors.DatetimeProperties object at 0x000001F3106A2900>>,VIP
CUST109529,ORD0035512,2024-06-01,Fashion,Printer,Kano,5,50283,251415,2024,6,<bound method PandasDelegate._add_delegate_accessors.<locals>._create_delegator_method.<locals>.f of <pandas.core.indexes.accessors.DatetimeProperties object at 0x000001F3106A2900>>,VIP
CUST162361,ORD0037864,2025-01-10,Electronics,Sneakers,Rivers,4,39711,158844,2025,1,<bound method PandasDelegate._add_delegate_accessors.<locals>._create_delegator_method.<locals>.f of <pandas.core.indexes.accessors.DatetimeProperties object at 0x000001F3106A2900>>,Low
CUST192897,ORD0042353,2024-09-05,Fashion,Printer,Rivers,4,47421,189684,2024,9,<bound method PandasDelegate._add_delegate_accessors.<locals>._create_delegator_method.<locals>.f of <pandas.core.indexes.accessors.DatetimeProperties object at 0x000001F3106A2900>>,High
CUST004568,ORD0026466,2023-11-26,Fashion,Blender,Abuja,4,14960,59840,2023,11,<bound method PandasDelegate._add_delegate_accessors.<locals>._create_delegator_method.<locals>.f of <pandas.core.indexes.accessors.DatetimeProperties object at 0x000001F3106A2900>>,Low
CUST062516,ORD0033596,2024-05-07,Electronics,Laptop,Lagos,4,113771,455084,2024,5,<bound method PandasDelegate._add_delegate_accessors.<locals>._create_delegator_method.<locals>.f of <pandas.core.indexes.accessors.DatetimeProperties object at 0x000001F3106A2900>>,High
CUST228141,ORD0027608,2022-06-08,Home Appliances,Sneakers,Kano,2,83709,167418,2022,6,<bound method PandasDelegate._add_delegate_accessors.<locals>._create_delegator_method.<locals>.f of <pandas.core.indexes.accessors.DatetimeProperties object at 0x000001F3106A2900>>,High
CUST045385,ORD0037465,2023-05-18,Fashion,Smartphone,Enugu,3,172386,517158,2023,5,<bound method PandasDelegate._add_delegate_accessors.<locals>._create_delegator_method.<locals>.f of <pandas.core.indexes.accessors.DatetimeProperties object at 0x000001F3106A2900>>,VIP
CUST064767,ORD0055230,2023-05-10,Electronics,Printer,Port Harcourt,1,128376,128376,2023,5,<bound method PandasDelegate._add_delegate_accessors.<locals>._create_delegator_method.<locals>.f of <pandas.core.indexes.accessors.DatetimeProperties object at 0x000001F3106A2900>>,Low
CUST043348,ORD0023829,2024-08-05,Fashion,Sneakers,Abuja,2,194637,389274,2024,8,<bound method PandasDelegate._add_delegate_accessors.<locals>._create_delegator_method.<locals>.f of <pandas.core.indexes.accessors.DatetimeProperties object at 0x000001F3106A2900>>,Mid
CUST115867,ORD0088979,2022-05-10,Fashion,Printer,Enugu,5,145074,725370,2022,5,<bound method PandasDelegate._add_delegate_accessors.<locals>._create_delegator_method.<locals>.f of <pandas.core.indexes.accessors.DatetimeProperties object at 0x000001F3106A2900>>,High
CUST141799,ORD0023313,2021-07-09,Electronics,Sneakers,Lagos,3,117515,352545,2021,7,<bound method PandasDelegate._add_delegate_accessors.<locals>._create_delegator_method.<locals>.f of <pandas.core.indexes.accessors.DatetimeProperties object at 0x000001F3106A2900>>,Mid
CUST197129,ORD0057890,2021-06-04,Electronics,Laptop,Enugu,5,39261,196305,2021,6,<bound method PandasDelegate._add_delegate_accessors.<locals>._create_delegator_method.<locals>.f of <pandas.core.indexes.accessors.DatetimeProperties object at 0x000001F3106A2900>>,VIP
CUST138547,ORD0061628,2023-09-08,Home Appliances,Smartphone,Abuja,2,145373,290746,2023,9,<bound method PandasDelegate._add_delegate_accessors.<locals>._create_delegator_method.<locals>.f of <pandas.core.indexes.accessors.DatetimeProperties object at 0x000001F3106A2900>>,Mid
CUST121130,ORD0054758,2023-11-21,Office Supplies,Desk,Abuja,4,15230,60920,2023,11,<bound method PandasDelegate._add_delegate_accessors.<locals>._create_delegator_method.<locals>.f of <pandas.core.indexes.accessors.DatetimeProperties object at 0x000001F3106A2900>>,Low
CUST192580,ORD0066265,2024-09-16,Fashion,Printer,Ibadan,5,24869,124345,2024,9,<bound method PandasDelegate._add_delegate_accessors.<locals>._create_delegator_method.<locals>.f of <pandas.core.indexes.accessors.DatetimeProperties object at 0x000001F3106A2900>>,Low
CUST234285,ORD0029117,2023-07-13,Fashion,Desk,Abuja,4,221741,886964,2023,7,<bound method PandasDelegate._add_delegate_accessors.<locals>._create_delegator_method.<locals>.f of <pandas.core.indexes.accessors.DatetimeProperties object at 0x000001F3106A2900>>,VIP
CUST094034,ORD0087364,2025-07-22,Office Supplies,Blender,Kano,2,139083,278166,2025,7,<bound method PandasDelegate._add_delegate_accessors.<locals>._create_delegator_method.<locals>.f of <pandas.core.indexes.accessors.DatetimeProperties object at 0x000001F3106A2900>>,Mid
CUST125171,ORD0099847,2024-06-15,Electronics,Tablet,Enugu,3,96378,289134,2024,6,<bound method PandasDelegate._add_delegate_accessors.<locals>._create_delegator_method.<locals>.f of <pandas.core.indexes.accessors.DatetimeProperties object at 0x000001F3106A2900>>,Mid
CUST286705,ORD0029052,2021-02-22,Electronics,Printer,Ibadan,4,25261,101044,2021,2,<bound method PandasDelegate._add_delegate_accessors.<locals>._create_delegator_method.<locals>.f of <pandas.core.indexes.accessors.DatetimeProperties object at 0x000001F3106A2900>>,Low
CUST065464,ORD0039450,2022-06-20,Office Supplies,Tablet,Enugu,3,174579,523737,2022,6,<bound method PandasDelegate._add_delegate_accessors.<locals>._create_delegator_method.<locals>.f of <pandas.core.indexes.accessors.DatetimeProperties object at 0x000001F3106A2900>>,High
CUST033143,ORD0031652,2024-09-21,Home Appliances,Sneakers,Abuja,2,102993,205986,2024,9,<bound method PandasDelegate._add_delegate_accessors.<locals>._create_delegator_method.<locals>.f of <pandas.core.indexes.accessors.DatetimeProperties object at 0x000001F3106A2900>>,Mid
CUST083274,ORD0059733,2021-06-08,Home Appliances,Printer,Kano,3,94901,284703,2021,6,<bound method PandasDelegate._add_delegate_accessors.<locals>._create_delegator_method.<locals>.f of <pandas.core.indexes.accessors.DatetimeProperties object at 0x000001F3106A2900>>,Mid
CUST237949,ORD0033839,2025-01-02,Office Supplies,Laptop,Ibadan,2,245246,490492,2025,1,<bound method PandasDelegate._add_delegate_accessors.<locals>._create_delegator_method.<locals>.f of <pandas.core.indexes.accessors.DatetimeProperties object at 0x000001F3106A2900>>,High
CUST001855,ORD0043831,2025-08-23,Office Supplies,Blender,Port Harcourt,3,45532,136596,2025,8,<bound method PandasDelegate._add_delegate_accessors.<locals>._create_delegator_method.<locals>.f of <pandas.core.indexes.accessors.DatetimeProperties object at 0x000001F3106A2900>>,Low
CUST067455,ORD0027805,2022-02-06,Fashion,Tablet,Enugu,4,159131,636524,2022,2,<bound method PandasDelegate._add_delegate_accessors.<locals>._create_delegator_method.<locals>.f of <pandas.core.indexes.accessors.DatetimeProperties object at 0x000001F3106A2900>>,High
CUST147210,ORD0079631,2021-02-18,Fashion,Sneakers,Enugu,3,265244,795732,2021,2,<bound method PandasDelegate._add_delegate_accessors.<locals>._create_delegator_method.<locals>.f of <pandas.core.indexes.accessors.DatetimeProperties object at 0x000001F3106A2900>>,VIP
CUST039438,ORD0019315,2023-10-25,Fashion,Desk,Abuja,2,79556,159112,2023,10,<bound method PandasDelegate._add_delegate_accessors.<locals>._create_delegator_method.<locals>.f of <pandas.core.indexes.accessors.DatetimeProperties object at 0x000001F3106A2900>>,Low
CUST015458,ORD0011575,2021-03-12,Fashion,Smartphone,Lagos,2,229423,458846,2021,3,<bound method PandasDelegate._add_delegate_accessors.<locals>._create_delegator_method.<locals>.f of <pandas.core.indexes.accessors.DatetimeProperties object at 0x000001F3106A2900>>,High
CUST173747,ORD0023289,2024-10-02,Home Appliances,Desk,Port Harcourt,1,19000,19000,2024,10,<bound method PandasDelegate._add_delegate_accessors.<locals>._create_delegator_method.<locals>.f of <pandas.core.indexes.accessors.DatetimeProperties object at 0x000001F3106A2900>>,VIP
CUST191733,ORD0040950,2024-10-06,Office Supplies,Printer,Port Harcourt,3,77580,232740,2024,10,<bound method PandasDelegate._add_delegate_accessors.<locals>._create_delegator_method.<locals>.f of <pandas.core.indexes.accessors.DatetimeProperties object at 0x000001F3106A2900>>,Mid
CUST173205,ORD0054539,2024-12-14,Electronics,Desk,Lagos,3,151762,455286,2024,12,<bound method PandasDelegate._add_delegate_accessors.<locals>._create_delegator_method.<locals>.f of <pandas.core.indexes.accessors.DatetimeProperties object at 0x000001F3106A2900>>,VIP
CUST172766,ORD0081821,2022-09-21,Home Appliances,Desk,Enugu,4,239634,958536,2022,9,<bound method PandasDelegate._add_delegate_accessors.<locals>._create_delegator_method.<locals>.f of <pandas.core.indexes.accessors.DatetimeProperties object at 0x000001F3106A2900>>,VIP
CUST223690,ORD0059113,2022-07-11,Office Supplies,Smartphone,Kano,3,6100,18300,2022,7,<bound method PandasDelegate._add_delegate_accessors.<locals>._create_delegator_method.<locals>.f of <pandas.core.indexes.accessors.DatetimeProperties object at 0x000001F3106A2900>>,Low
CUST294981,ORD0038208,2025-05-31,Office Supplies,Sneakers,Rivers,4,93637,374548,2025,5,<bound method PandasDelegate._add_delegate_accessors.<locals>._create_delegator_method.<locals>.f of <pandas.core.indexes.accessors.DatetimeProperties object at 0x000001F3106A2900>>,Mid
CUST007121,ORD0065633,2023-06-29,Home Appliances,Desk,Abuja,2,32896,65792,2023,6,<bound method PandasDelegate._add_delegate_accessors.<locals>._create_delegator_method.<locals>.f of <pandas.core.indexes.accessors.DatetimeProperties object at 0x000001F3106A2900>>,Low
CUST099373,ORD0009596,2023-03-03,Electronics,Smartphone,Rivers,2,23987,47974,2023,3,<bound method PandasDelegate._add_delegate_accessors.<locals>._create_delegator_method.<locals>.f of <pandas.core.indexes.accessors.DatetimeProperties object at 0x000001F3106A2900>>,Low
CUST043904,ORD0065592,2023-04-24,Electronics,Smartphone,Port Harcourt,2,186825,373650,2023,4,<bound method PandasDelegate._add_delegate_accessors.<locals>._create_delegator_method.<locals>.f of <pandas.core.indexes.accessors.DatetimeProperties object at 0x000001F3106A2900>>,Mid
CUST095210,ORD0053396,2025-08-12,Fashion,Desk,Abuja,4,240610,962440,2025,8,<bound method PandasDelegate._add_delegate_accessors.<locals>._create_delegator_method.<locals>.f of <pandas.core.indexes.accessors.DatetimeProperties object at 0x000001F3106A2900>>,VIP
CUST235151,ORD0051182,2023-11-21,Fashion,Desk,Rivers,1,265873,265873,2023,11,<bound method PandasDelegate._add_delegate_accessors.<locals>._create_delegator_method.<locals>.f of <pandas.core.indexes.accessors.DatetimeProperties object at 0x000001F3106A2900>>,Mid
CUST271643,ORD0024275,2025-02-12,Fashion,Tablet,Port Harcourt,2,147985,295970,2025,2,<bound method PandasDelegate._add_delegate_accessors.<locals>._create_delegator_method.<locals>.f of <pandas.core.indexes.accessors.DatetimeProperties object at 0x000001F3106A2900>>,High
CUST270527,ORD0012610,2024-08-28,Fashion,Printer,Rivers,2,119558,239116,2024,8,<bound method PandasDelegate._add_delegate_accessors.<locals>._create_delegator_method.<locals>.f of <pandas.core.indexes.accessors.DatetimeProperties object at 0x000001F3106A2900>>,Mid
CUST041182,ORD0049128,2023-01-31,Fashion,Laptop,Enugu,4,102985,411940,2023,1,<bound method PandasDelegate._add_delegate_accessors.<locals>._create_delegator_method.<locals>.f of <pandas.core.indexes.accessors.DatetimeProperties object at 0x000001F3106A2900>>,VIP
CUST165597,ORD0004187,2023-11-17,Office Supplies,Blender,Enugu,5,172522,862610,2023,11,<bound method PandasDelegate._add_delegate_accessors.<locals>._create_delegator_method.<locals>.f of <pandas.core.indexes.accessors.DatetimeProperties object at 0x000001F3106A2900>>,VIP
CUST290317,ORD0003128,2021-02-27,Office Supplies,Smartphone,Kano,2,40592,81184,2021,2,<bound method PandasDelegate._add_delegate_accessors.<locals>._create_delegator_method.<locals>.f of <pandas.core.indexes.accessors.DatetimeProperties object at 0x000001F3106A2900>>,Low
CUST206392,ORD0079565,2025-02-21,Office Supplies,Tablet,Rivers,1,25422,25422,2025,2,<bound method PandasDelegate._add_delegate_accessors.<locals>._create_delegator_method.<locals>.f of <pandas.core.indexes.accessors.DatetimeProperties object at 0x000001F3106A2900>>,Low
CUST208827,ORD0037376,2024-12-28,Home Appliances,Printer,Lagos,4,207658,830632,2024,12,<bound method PandasDelegate._add_delegate_accessors.<locals>._create_delegator_method.<locals>.f of <pandas.core.indexes.accessors.DatetimeProperties object at 0x000001F3106A2900>>,VIP
CUST119838,ORD0023351,2025-08-27,Fashion,Laptop,Rivers,2,78224,156448,2025,8,<bound method PandasDelegate._add_delegate_accessors.<locals>._create_delegator_method.<locals>.f of <pandas.core.indexes.accessors.DatetimeProperties object at 0x000001F3106A2900>>,Low
CUST227423,ORD0074640,2021-07-18,Electronics,Tablet,Kano,1,119747,119747,2021,7,<bound method PandasDelegate._add_delegate_accessors.<locals>._create_delegator_method.<locals>.f of <pandas.core.indexes.accessors.DatetimeProperties object at 0x000001F3106A2900>>,Low
CUST206886,ORD0047692,2021-02-01,Electronics,Laptop,Enugu,5,36613,183065,2021,2,<bound method PandasDelegate._add_delegate_accessors.<locals>._create_delegator_method.<locals>.f of <pandas.core.indexes.accessors.DatetimeProperties object at 0x000001F3106A2900>>,High
CUST152216,ORD0012737,2024-03-05,Fashion,Blender,Abuja,1,257241,257241,2024,3,<bound method PandasDelegate._add_delegate_accessors.<locals>._create_delegator_method.<locals>.f of <pandas.core.indexes.accessors.DatetimeProperties object at 0x000001F3106A2900>>,VIP
CUST082951,ORD0075208,2021-07-08,Office Supplies,Blender,Lagos,5,251599,1257995,2021,7,<bound method PandasDelegate._add_delegate_accessors.<locals>._create_delegator_method.<locals>.f of <pandas.core.indexes.accessors.DatetimeProperties object at 0x000001F3106A2900>>,VIP
CUST015064,ORD0016986,2025-07-09,Home Appliances,Desk,Ibadan,5,189751,948755,2025,7,<bound method PandasDelegate._add_delegate_accessors.<locals>._create_delegator_method.<locals>.f of <pandas.core.indexes.accessors.DatetimeProperties object at 0x000001F3106A2900>>,VIP
CUST115815,ORD0011278,2022-07-26,Office Supplies,Sneakers,Kano,2,271235,542470,2022,7,<bound method PandasDelegate._add_delegate_accessors.<locals>._create_delegator_method.<locals>.f of <pandas.core.indexes.accessors.DatetimeProperties object at 0x000001F3106A2900>>,High
CUST213880,ORD0051502,2024-02-03,Home Appliances,Blender,Port Harcourt,3,278532,835596,2024,2,<bound method PandasDelegate._add_delegate_accessors.<locals>._create_delegator_method.<locals>.f of <pandas.core.indexes.accessors.DatetimeProperties object at 0x000001F3106A2900>>,VIP
CUST029608,ORD0064108,2021-09-10,Fashion,Laptop,Ibadan,5,294328,1471640,2021,9,<bound method PandasDelegate._add_delegate_accessors.<locals>._create_delegator_method.<locals>.f of <pandas.core.indexes.accessors.DatetimeProperties object at 0x000001F3106A2900>>,VIP
CUST227190,ORD0083781,2025-06-20,Office Supplies,Desk,Kano,5,182056,910280,2025,6,<bound method PandasDelegate._add_delegate_accessors.<locals>._create_delegator_method.<locals>.f of <pandas.core.indexes.accessors.DatetimeProperties object at 0x000001F3106A2900>>,VIP
CUST042740,ORD0097350,2024-12-14,Fashion,Smartphone,Abuja,4,195780,783120,2024,12,<bound method PandasDelegate._add_delegate_accessors.<locals>._create_delegator_method.<locals>.f of <pandas.core.indexes.accessors.DatetimeProperties object at 0x000001F3106A2900>>,High
CUST133079,ORD0091051,2022-02-20,Fashion,Laptop,Port Harcourt,4,43869,175476,2022,2,<bound method PandasDelegate._add_delegate_accessors.<locals>._create_delegator_method.<locals>.f of <pandas.core.indexes.accessors.DatetimeProperties object at 0x000001F3106A2900>>,Low
CUST075116,ORD0089367,2023-01-25,Office Supplies,Sneakers,Port Harcourt,4,229871,919484,2023,1,<bound method PandasDelegate._add_delegate_accessors.<locals>._create_delegator_method.<locals>.f of <pandas.core.indexes.accessors.DatetimeProperties object at 0x000001F3106A2900>>,VIP
CUST100159,ORD0002407,2025-08-29,Home Appliances,Blender,Lagos,4,31075,124300,2025,8,<bound method PandasDelegate._add_delegate_accessors.<locals>._create_delegator_method.<locals>.f of <pandas.core.indexes.accessors.DatetimeProperties object at 0x000001F3106A2900>>,Mid
CUST291658,ORD0068082,2023-06-04,Office Supplies,Blender,Port Harcourt,5,71286,356430,2023,6,<bound method PandasDelegate._add_delegate_accessors.<locals>._create_delegator_method.<locals>.f of <pandas.core.indexes.accessors.DatetimeProperties object at 0x000001F3106A2900>>,Mid
CUST262286,ORD0044616,2022-01-21,Office Supplies,Tablet,Lagos,1,252725,252725,2022,1,<bound method PandasDelegate._add_delegate_accessors.<locals>._create_delegator_method.<locals>.f of <pandas.core.indexes.accessors.DatetimeProperties object at 0x000001F3106A2900>>,Mid
CUST206273,ORD0053005,2025-12-02,Home Appliances,Blender,Port Harcourt,3,135960,407880,2025,12,<bound method PandasDelegate._add_delegate_accessors.<locals>._create_delegator_method.<locals>.f of <pandas.core.indexes.accessors.DatetimeProperties object at 0x000001F3106A2900>>,High
CUST285483,ORD0079792,2025-04-17,Office Supplies,Desk,Ibadan,2,39084,78168,2025,4,<bound method PandasDelegate._add_delegate_accessors.<locals>._create_delegator_method.<locals>.f of <pandas.core.indexes.accessors.DatetimeProperties object at 0x000001F3106A2900>>,Low
CUST127064,ORD0068997,2025-03-18,Electronics,Tablet,Enugu,5,246969,1234845,2025,3,<bound method PandasDelegate._add_delegate_accessors.<locals>._create_delegator_method.<locals>.f of <pandas.core.indexes.accessors.DatetimeProperties object at 0x000001F3106A2900>>,VIP
CUST070440,ORD0049859,2023-09-25,Electronics,Desk,Kano,5,94788,473940,2023,9,<bound method PandasDelegate._add_delegate_accessors.<locals>._create_delegator_method.<locals>.f of <pandas.core.indexes.accessors.DatetimeProperties object at 0x000001F3106A2900>>,High
CUST049416,ORD0068193,2024-02-28,Electronics,Printer,Lagos,1,43287,43287,2024,2,<bound method PandasDelegate._add_delegate_accessors.<locals>._create_delegator_method.<locals>.f of <pandas.core.indexes.accessors.DatetimeProperties object at 0x000001F3106A2900>>,Low
CUST224317,ORD0079406,2023-09-16,Office Supplies,Printer,Lagos,1,158377,158377,2023,9,<bound method PandasDelegate._add_delegate_accessors.<locals>._create_delegator_method.<locals>.f of <pandas.core.indexes.accessors.DatetimeProperties object at 0x000001F3106A2900>>,Low
CUST297487,ORD0012676,2023-02-06,Office Supplies,Laptop,Port Harcourt,2,110543,221086,2023,2,<bound method PandasDelegate._add_delegate_accessors.<locals>._create_delegator_method.<locals>.f of <pandas.core.indexes.accessors.DatetimeProperties object at 0x000001F3106A2900>>,Mid
CUST210377,ORD0015528,2022-07-04,Fashion,Desk,Port Harcourt,3,183071,549213,2022,7,<bound method PandasDelegate._add_delegate_accessors.<locals>._create_delegator_method.<locals>.f of <pandas.core.indexes.accessors.DatetimeProperties object at 0x000001F3106A2900>>,High
CUST033373,ORD0097468,2021-02-07,Office Supplies,Tablet,Lagos,3,237642,712926,2021,2,<bound method PandasDelegate._add_delegate_accessors.<locals>._create_delegator_method.<locals>.f of <pandas.core.indexes.accessors.DatetimeProperties object at 0x000001F3106A2900>>,High
CUST036409,ORD0001162,2025-06-10,Home Appliances,Smartphone,Lagos,3,249796,749388,2025,6,<bound method PandasDelegate._add_delegate_accessors.<locals>._create_delegator_method.<locals>.f of <pandas.core.indexes.accessors.DatetimeProperties object at 0x000001F3106A2900>>,High
CUST191173,ORD0000633,2023-03-10,Electronics,Desk,Kano,2,37653,75306,2023,3,<bound method PandasDelegate._add_delegate_accessors.<locals>._create_delegator_method.<locals>.f of <pandas.core.indexes.accessors.DatetimeProperties object at 0x000001F3106A2900>>,Low
CUST102406,ORD0052750,2024-09-29,Electronics,Printer,Abuja,1,224167,224167,2024,9,<bound method PandasDelegate._add_delegate_accessors.<locals>._create_delegator_method.<locals>.f of <pandas.core.indexes.accessors.DatetimeProperties object at 0x000001F3106A2900>>,Mid
CUST184138,ORD0065332,2023-10-29,Office Supplies,Printer,Enugu,4,139869,559476,2023,10,<bound method PandasDelegate._add_delegate_accessors.<locals>._create_delegator_method.<locals>.f of <pandas.core.indexes.accessors.DatetimeProperties object at 0x000001F3106A2900>>,High
CUST084149,ORD0097760,2022-09-29,Electronics,Blender,Rivers,3,228393,685179,2022,9,<bound method PandasDelegate._add_delegate_accessors.<locals>._create_delegator_method.<locals>.f of <pandas.core.indexes.accessors.DatetimeProperties object at 0x000001F3106A2900>>,High
CUST113560,ORD0096751,2024-03-02,Home Appliances,Tablet,Ibadan,1,95781,95781,2024,3,<bound method PandasDelegate._add_delegate_accessors.<locals>._create_delegator_method.<locals>.f of <pandas.core.indexes.accessors.DatetimeProperties object at 0x000001F3106A2900>>,Low
CUST210976,ORD0027621,2025-03-31,Electronics,Tablet,Port Harcourt,4,293209,1172836,2025,3,<bound method PandasDelegate._add_delegate_accessors.<locals>._create_delegator_method.<locals>.f of <pandas.core.indexes.accessors.DatetimeProperties object at 0x000001F3106A2900>>,VIP
CUST147570,ORD0079661,2022-08-12,Electronics,Laptop,Lagos,2,285490,570980,2022,8,<bound method PandasDelegate._add_delegate_accessors.<locals>._create_delegator_method.<locals>.f of <pandas.core.indexes.accessors.DatetimeProperties object at 0x000001F3106A2900>>,High
CUST116822,ORD0048550,2022-08-30,Electronics,Laptop,Ibadan,1,266495,266495,2022,8,<bound method PandasDelegate._add_delegate_accessors.<locals>._create_delegator_method.<locals>.f of <pandas.core.indexes.accessors.DatetimeProperties object at 0x000001F3106A2900>>,Mid
CUST120637,ORD0097012,2022-08-26,Fashion,Smartphone,Kano,1,228732,228732,2022,8,<bound method PandasDelegate._add_delegate_accessors.<locals>._create_delegator_method.<locals>.f of <pandas.core.indexes.accessors.DatetimeProperties object at 0x000001F3106A2900>>,Mid
CUST203765,ORD0025646,2025-10-09,Fashion,Desk,Rivers,2,286298,572596,2025,10,<bound method PandasDelegate._add_delegate_accessors.<locals>._create_delegator_method.<locals>.f of <pandas.core.indexes.accessors.DatetimeProperties object at 0x000001F3106A2900>>,High
CUST025309,ORD0042417,2022-12-11,Fashion,Laptop,Port Harcourt,1,277003,277003,2022,12,<bound method PandasDelegate._add_delegate_accessors.<locals>._create_delegator_method.<locals>.f of <pandas.core.indexes.accessors.DatetimeProperties object at 0x000001F3106A2900>>,Mid
CUST244985,ORD0059559,2021-09-19,Fashion,Sneakers,Abuja,3,182319,546957,2021,9,<bound method PandasDelegate._add_delegate_accessors.<locals>._create_delegator_method.<locals>.f of <pandas.core.indexes.accessors.DatetimeProperties object at 0x000001F3106A2900>>,High
CUST008750,ORD0007987,2025-06-01,Fashion,Desk,Port Harcourt,5,150172,750860,2025,6,<bound method PandasDelegate._add_delegate_accessors.<locals>._create_delegator_method.<locals>.f of <pandas.core.indexes.accessors.DatetimeProperties object at 0x000001F3106A2900>>,High
CUST228016,ORD0065481,2025-05-20,Fashion,Smartphone,Lagos,1,133050,133050,2025,5,<bound method PandasDelegate._add_delegate_accessors.<locals>._create_delegator_method.<locals>.f of <pandas.core.indexes.accessors.DatetimeProperties object at 0x000001F3106A2900>>,Low
CUST243471,ORD0069874,2024-08-30,Fashion,Printer,Port Harcourt,3,234207,702621,2024,8,<bound method PandasDelegate._add_delegate_accessors.<locals>._create_delegator_method.<locals>.f of <pandas.core.indexes.accessors.DatetimeProperties object at 0x000001F3106A2900>>,VIP
CUST149708,ORD0092757,2024-11-29,Fashion,Blender,Ibadan,4,149271,597084,2024,11,<bound method PandasDelegate._add_delegate_accessors.<locals>._create_delegator_method.<locals>.f of <pandas.core.indexes.accessors.DatetimeProperties object at 0x000001F3106A2900>>,High
CUST287503,ORD0015166,2023-10-12,Electronics,Printer,Abuja,5,17665,88325,2023,10,<bound method PandasDelegate._add_delegate_accessors.<locals>._create_delegator_method.<locals>.f of <pandas.core.indexes.accessors.DatetimeProperties object at 0x000001F3106A2900>>,Low
CUST296424,ORD0048018,2025-03-19,Home Appliances,Printer,Abuja,3,272118,816354,2025,3,<bound method PandasDelegate._add_delegate_accessors.<locals>._create_delegator_method.<locals>.f of <pandas.core.indexes.accessors.DatetimeProperties object at 0x000001F3106A2900>>,VIP
CUST080537,ORD0098307,2025-03-17,Fashion,Sneakers,Ibadan,2,66214,132428,2025,3,<bound method PandasDelegate._add_delegate_accessors.<locals>._create_delegator_method.<locals>.f of <pandas.core.indexes.accessors.DatetimeProperties object at 0x000001F3106A2900>>,Low
CUST141245,ORD0092912,2023-10-24,Electronics,Smartphone,Kano,5,204348,1021740,2023,10,<bound method PandasDelegate._add_delegate_accessors.<locals>._create_delegator_method.<locals>.f of <pandas.core.indexes.accessors.DatetimeProperties object at 0x000001F3106A2900>>,VIP
CUST180071,ORD0097211,2024-12-14,Electronics,Printer,Ibadan,5,143642,718210,2024,12,<bound method PandasDelegate._add_delegate_accessors.<locals>._create_delegator_method.<locals>.f of <pandas.core.indexes.accessors.DatetimeProperties object at 0x000001F3106A2900>>,High
CUST013570,ORD0005879,2024-02-19,Home Appliances,Tablet,Lagos,1,87729,87729,2024,2,<bound method PandasDelegate._add_delegate_accessors.<locals>._create_delegator_method.<locals>.f of <pandas.core.indexes.accessors.DatetimeProperties object at 0x000001F3106A2900>>,Low
CUST130979,ORD0032588,2021-10-07,Fashion,Smartphone,Abuja,1,226417,226417,2021,10,<bound method PandasDelegate._add_delegate_accessors.<locals>._create_delegator_method.<locals>.f of <pandas.core.indexes.accessors.DatetimeProperties object at 0x000001F3106A2900>>,Mid
CUST216917,ORD0005814,2023-02-12,Fashion,Desk,Ibadan,1,64071,64071,2023,2,<bound method PandasDelegate._add_delegate_accessors.<locals>._create_delegator_method.<locals>.f of <pandas.core.indexes.accessors.DatetimeProperties object at 0x000001F3106A2900>>,Low
CUST124002,ORD0021125,2022-05-01,Fashion,Smartphone,Lagos,2,15834,31668,2022,5,<bound method PandasDelegate._add_delegate_accessors.<locals>._create_delegator_method.<locals>.f of <pandas.core.indexes.accessors.DatetimeProperties object at 0x000001F3106A2900>>,Mid
CUST247805,ORD0019571,2025-06-08,Office Supplies,Laptop,Enugu,5,13120,65600,2025,6,<bound method PandasDelegate._add_delegate_accessors.<locals>._create_delegator_method.<locals>.f of <pandas.core.indexes.accessors.DatetimeProperties object at 0x000001F3106A2900>>,Low
CUST185081,ORD0098992,2024-05-03,Electronics,Blender,Abuja,2,100168,200336,2024,5,<bound method PandasDelegate._add_delegate_accessors.<locals>._create_delegator_method.<locals>.f of <pandas.core.indexes.accessors.DatetimeProperties object at 0x000001F3106A2900>>,Mid
CUST179088,ORD0067019,2023-06-19,Office Supplies,Tablet,Lagos,5,252437,1262185,2023,6,<bound method PandasDelegate._add_delegate_accessors.<locals>._create_delegator_method.<locals>.f of <pandas.core.indexes.accessors.DatetimeProperties object at 0x000001F3106A2900>>,VIP
CUST198837,ORD0076212,2022-01-18,Electronics,Desk,Abuja,5,18692,93460,2022,1,<bound method PandasDelegate._add_delegate_accessors.<locals>._create_delegator_method.<locals>.f of <pandas.core.indexes.accessors.DatetimeProperties object at 0x000001F3106A2900>>,High
CUST126384,ORD0034750,2023-04-12,Fashion,Laptop,Rivers,5,180601,903005,2023,4,<bound method PandasDelegate._add_delegate_accessors.<locals>._create_delegator_method.<locals>.f of <pandas.core.indexes.accessors.DatetimeProperties object at 0x000001F3106A2900>>,VIP
CUST241624,ORD0048669,2023-11-05,Electronics,Desk,Lagos,4,207995,831980,2023,11,<bound method PandasDelegate._add_delegate_accessors.<locals>._create_delegator_method.<locals>.f of <pandas.core.indexes.accessors.DatetimeProperties object at 0x000001F3106A2900>>,VIP
CUST180669,ORD0031199,2022-01-10,Home Appliances,Blender,Port Harcourt,2,38973,77946,2022,1,<bound method PandasDelegate._add_delegate_accessors.<locals>._create_delegator_method.<locals>.f of <pandas.core.indexes.accessors.DatetimeProperties object at 0x000001F3106A2900>>,Low
CUST152791,ORD0030281,2022-03-11,Fashion,Printer,Rivers,5,274480,1372400,2022,3,<bound method PandasDelegate._add_delegate_accessors.<locals>._create_delegator_method.<locals>.f of <pandas.core.indexes.accessors.DatetimeProperties object at 0x000001F3106A2900>>,VIP
CUST123601,ORD0052845,2022-07-28,Fashion,Blender,Lagos,2,191160,382320,2022,7,<bound method PandasDelegate._add_delegate_accessors.<locals>._create_delegator_method.<locals>.f of <pandas.core.indexes.accessors.DatetimeProperties object at 0x000001F3106A2900>>,Mid
CUST069457,ORD0042437,2025-12-14,Home Appliances,Laptop,Lagos,2,228886,457772,2025,12,<bound method PandasDelegate._add_delegate_accessors.<locals>._create_delegator_method.<locals>.f of <pandas.core.indexes.accessors.DatetimeProperties object at 0x000001F3106A2900>>,High
CUST286594,ORD0053054,2022-11-05,Electronics,Blender,Ibadan,5,25455,127275,2022,11,<bound method PandasDelegate._add_delegate_accessors.<locals>._create_delegator_method.<locals>.f of <pandas.core.indexes.accessors.DatetimeProperties object at 0x000001F3106A2900>>,High
CUST271531,ORD0085038,2024-11-01,Office Supplies,Desk,Port Harcourt,5,218029,1090145,2024,11,<bound method PandasDelegate._add_delegate_accessors.<locals>._create_delegator_method.<locals>.f of <pandas.core.indexes.accessors.DatetimeProperties object at 0x000001F3106A2900>>,VIP
CUST226562,ORD0067326,2023-09-10,Office Supplies,Laptop,Rivers,5,248310,1241550,2023,9,<bound method PandasDelegate._add_delegate_accessors.<locals>._create_delegator_method.<locals>.f of <pandas.core.indexes.accessors.DatetimeProperties object at 0x000001F3106A2900>>,VIP
CUST255260,ORD0044631,2025-01-13,Fashion,Blender,Port Harcourt,3,203685,611055,2025,1,<bound method PandasDelegate._add_delegate_accessors.<locals>._create_delegator_method.<locals>.f of <pandas.core.indexes.accessors.DatetimeProperties object at 0x000001F3106A2900>>,High
CUST018168,ORD0037801,2021-03-07,Office Supplies,Laptop,Rivers,4,52902,211608,2021,3,<bound method PandasDelegate._add_delegate_accessors.<locals>._create_delegator_method.<locals>.f of <pandas.core.indexes.accessors.DatetimeProperties object at 0x000001F3106A2900>>,High
CUST064196,ORD0054924,2022-06-16,Office Supplies,Sneakers,Kano,4,38559,154236,2022,6,<bound method PandasDelegate._add_delegate_accessors.<locals>._create_delegator_method.<locals>.f of <pandas.core.indexes.accessors.DatetimeProperties object at 0x000001F3106A2900>>,Low
CUST095304,ORD0091597,2024-12-18,Fashion,Smartphone,Abuja,1,240324,240324,2024,12,<bound method PandasDelegate._add_delegate_accessors.<locals>._create_delegator_method.<locals>.f of <pandas.core.indexes.accessors.DatetimeProperties object at 0x000001F3106A2900>>,Mid
CUST210213,ORD0061550,2021-04-29,Home Appliances,Smartphone,Abuja,5,218188,1090940,2021,4,<bound method PandasDelegate._add_delegate_accessors.<locals>._create_delegator_method.<locals>.f of <pandas.core.indexes.accessors.DatetimeProperties object at 0x000001F3106A2900>>,VIP
CUST266611,ORD0094898,2024-01-26,Office Supplies,Laptop,Rivers,1,17359,17359,2024,1,<bound method PandasDelegate._add_delegate_accessors.<locals>._create_delegator_method.<locals>.f of <pandas.core.indexes.accessors.DatetimeProperties object at 0x000001F3106A2900>>,Low
CUST025939,ORD0088869,2021-10-07,Electronics,Desk,Abuja,2,223644,447288,2021,10,<bound method PandasDelegate._add_delegate_accessors.<locals>._create_delegator_method.<locals>.f of <pandas.core.indexes.accessors.DatetimeProperties object at 0x000001F3106A2900>>,VIP
CUST289760,ORD0063023,2024-09-07,Home Appliances,Laptop,Port Harcourt,4,55767,223068,2024,9,<bound method PandasDelegate._add_delegate_accessors.<locals>._create_delegator_method.<locals>.f of <pandas.core.indexes.accessors.DatetimeProperties object at 0x000001F3106A2900>>,Mid
CUST263194,ORD0028119,2023-07-22,Electronics,Blender,Rivers,2,262592,525184,2023,7,<bound method PandasDelegate._add_delegate_accessors.<locals>._create_delegator_method.<locals>.f of <pandas.core.indexes.accessors.DatetimeProperties object at 0x000001F3106A2900>>,High
CUST143478,ORD0022581,2024-04-20,Office Supplies,Sneakers,Enugu,4,16501,66004,2024,4,<bound method PandasDelegate._add_delegate_accessors.<locals>._create_delegator_method.<locals>.f of <pandas.core.indexes.accessors.DatetimeProperties object at 0x000001F3106A2900>>,Low
CUST114939,ORD0039885,2022-04-20,Fashion,Desk,Port Harcourt,4,245342,981368,2022,4,<bound method PandasDelegate._add_delegate_accessors.<locals>._create_delegator_method.<locals>.f of <pandas.core.indexes.accessors.DatetimeProperties object at 0x000001F3106A2900>>,VIP
CUST022332,ORD0073368,2025-11-02,Electronics,Desk,Abuja,1,162789,162789,2025,11,<bound method PandasDelegate._add_delegate_accessors.<locals>._create_delegator_method.<locals>.f of <pandas.core.indexes.accessors.DatetimeProperties object at 0x000001F3106A2900>>,Low
CUST284966,ORD0005983,2022-06-28,Home Appliances,Printer,Port Harcourt,4,169231,676924,2022,6,<bound method PandasDelegate._add_delegate_accessors.<locals>._create_delegator_method.<locals>.f of <pandas.core.indexes.accessors.DatetimeProperties object at 0x000001F3106A2900>>,High
CUST271890,ORD0010981,2024-06-19,Fashion,Blender,Kano,5,234146,1170730,2024,6,<bound method PandasDelegate._add_delegate_accessors.<locals>._create_delegator_method.<locals>.f of <pandas.core.indexes.accessors.DatetimeProperties object at 0x000001F3106A2900>>,VIP
CUST184349,ORD0018895,2022-05-24,Fashion,Blender,Rivers,3,160093,480279,2022,5,<bound method PandasDelegate._add_delegate_accessors.<locals>._create_delegator_method.<locals>.f of <pandas.core.indexes.accessors.DatetimeProperties object at 0x000001F3106A2900>>,VIP
CUST211592,ORD0024218,2022-04-09,Electronics,Tablet,Ibadan,4,83837,335348,2022,4,<bound method PandasDelegate._add_delegate_accessors.<locals>._create_delegator_method.<locals>.f of <pandas.core.indexes.accessors.DatetimeProperties object at 0x000001F3106A2900>>,Mid
CUST145705,ORD0060903,2023-04-17,Fashion,Desk,Abuja,1,86207,86207,2023,4,<bound method PandasDelegate._add_delegate_accessors.<locals>._create_delegator_method.<locals>.f of <pandas.core.indexes.accessors.DatetimeProperties object at 0x000001F3106A2900>>,Low
CUST142018,ORD0074629,2025-05-20,Electronics,Blender,Enugu,4,239563,958252,2025,5,<bound method PandasDelegate._add_delegate_accessors.<locals>._create_delegator_method.<locals>.f of <pandas.core.indexes.accessors.DatetimeProperties object at 0x000001F3106A2900>>,VIP
CUST096212,ORD0089001,2023-11-13,Office Supplies,Blender,Ibadan,3,269701,809103,2023,11,<bound method PandasDelegate._add_delegate_accessors.<locals>._create_delegator_method.<locals>.f of <pandas.core.indexes.accessors.DatetimeProperties object at 0x000001F3106A2900>>,VIP
CUST283780,ORD0026914,2024-05-05,Office Supplies,Sneakers,Lagos,2,121509,243018,2024,5,<bound method PandasDelegate._add_delegate_accessors.<locals>._create_delegator_method.<locals>.f of <pandas.core.indexes.accessors.DatetimeProperties object at 0x000001F3106A2900>>,Mid
CUST279912,ORD0056010,2025-05-21,Office Supplies,Laptop,Lagos,2,229803,459606,2025,5,<bound method PandasDelegate._add_delegate_accessors.<locals>._create_delegator_method.<locals>.f of <pandas.core.indexes.accessors.DatetimeProperties object at 0x000001F3106A2900>>,High
CUST294055,ORD0001829,2024-12-29,Electronics,Blender,Lagos,2,87406,174812,2024,12,<bound method PandasDelegate._add_delegate_accessors.<locals>._create_delegator_method.<locals>.f of <pandas.core.indexes.accessors.DatetimeProperties object at 0x000001F3106A2900>>,Low
CUST085402,ORD0083352,2021-01-08,Office Supplies,Desk,Enugu,4,102583,410332,2021,1,<bound method PandasDelegate._add_delegate_accessors.<locals>._create_delegator_method.<locals>.f of <pandas.core.indexes.accessors.DatetimeProperties object at 0x000001F3106A2900>>,VIP
CUST206264,ORD0050557,2022-03-10,Fashion,Laptop,Lagos,4,269651,1078604,2022,3,<bound method PandasDelegate._add_delegate_accessors.<locals>._create_delegator_method.<locals>.f of <pandas.core.indexes.accessors.DatetimeProperties object at 0x000001F3106A2900>>,VIP
CUST189934,ORD0005032,2025-10-06,Fashion,Tablet,Abuja,2,111523,223046,2025,10,<bound method PandasDelegate._add_delegate_accessors.<locals>._create_delegator_method.<locals>.f of <pandas.core.indexes.accessors.DatetimeProperties object at 0x000001F3106A2900>>,VIP
CUST035349,ORD0052462,2021-02-10,Office Supplies,Sneakers,Enugu,1,88750,88750,2021,2,<bound method PandasDelegate._add_delegate_accessors.<locals>._create_delegator_method.<locals>.f of <pandas.core.indexes.accessors.DatetimeProperties object at 0x000001F3106A2900>>,Low
CUST266843,ORD0019665,2021-10-15,Fashion,Sneakers,Lagos,2,279748,559496,2021,10,<bound method PandasDelegate._add_delegate_accessors.<locals>._create_delegator_method.<locals>.f of <pandas.core.indexes.accessors.DatetimeProperties object at 0x000001F3106A2900>>,High
CUST143700,ORD0048115,2021-07-16,Electronics,Sneakers,Rivers,4,64373,257492,2021,7,<bound method PandasDelegate._add_delegate_accessors.<locals>._create_delegator_method.<locals>.f of <pandas.core.indexes.accessors.DatetimeProperties object at 0x000001F3106A2900>>,Mid
CUST036399,ORD0079896,2023-04-27,Fashion,Laptop,Kano,5,134461,672305,2023,4,<bound method PandasDelegate._add_delegate_accessors.<locals>._create_delegator_method.<locals>.f of <pandas.core.indexes.accessors.DatetimeProperties object at 0x000001F3106A2900>>,High
CUST221448,ORD0032300,2021-02-18,Office Supplies,Smartphone,Lagos,3,274677,824031,2021,2,<bound method PandasDelegate._add_delegate_accessors.<locals>._create_delegator_method.<locals>.f of <pandas.core.indexes.accessors.DatetimeProperties object at 0x000001F3106A2900>>,VIP
CUST239720,ORD0003149,2022-12-23,Fashion,Smartphone,Enugu,4,61122,244488,2022,12,<bound method PandasDelegate._add_delegate_accessors.<locals>._create_delegator_method.<locals>.f of <pandas.core.indexes.accessors.DatetimeProperties object at 0x000001F3106A2900>>,Mid
CUST281903,ORD0079941,2021-07-02,Electronics,Laptop,Kano,1,103979,103979,2021,7,<bound method PandasDelegate._add_delegate_accessors.<locals>._create_delegator_method.<locals>.f of <pandas.core.indexes.accessors.DatetimeProperties object at 0x000001F3106A2900>>,Low
CUST139744,ORD0059584,2024-12-30,Office Supplies,Laptop,Lagos,5,49901,249505,2024,12,<bound method PandasDelegate._add_delegate_accessors.<locals>._create_delegator_method.<locals>.f of <pandas.core.indexes.accessors.DatetimeProperties object at 0x000001F3106A2900>>,Mid
CUST082017,ORD0038024,2025-08-13,Fashion,Sneakers,Kano,5,219018,1095090,2025,8,<bound method PandasDelegate._add_delegate_accessors.<locals>._create_delegator_method.<locals>.f of <pandas.core.indexes.accessors.DatetimeProperties object at 0x000001F3106A2900>>,VIP
CUST214265,ORD0045376,2021-07-15,Office Supplies,Smartphone,Port Harcourt,5,208407,1042035,2021,7,<bound method PandasDelegate._add_delegate_accessors.<locals>._create_delegator_method.<locals>.f of <pandas.core.indexes.accessors.DatetimeProperties object at 0x000001F3106A2900>>,VIP
CUST241249,ORD0037831,2021-04-28,Office Supplies,Sneakers,Port Harcourt,1,55380,55380,2021,4,<bound method PandasDelegate._add_delegate_accessors.<locals>._create_delegator_method.<locals>.f of <pandas.core.indexes.accessors.DatetimeProperties object at 0x000001F3106A2900>>,Low
CUST060198,ORD0050152,2025-06-20,Fashion,Blender,Enugu,3,186485,559455,2025,6,<bound method PandasDelegate._add_delegate_accessors.<locals>._create_delegator_method.<locals>.f of <pandas.core.indexes.accessors.DatetimeProperties object at 0x000001F3106A2900>>,High
CUST008798,ORD0079313,2025-09-24,Fashion,Sneakers,Kano,1,156637,156637,2025,9,<bound method PandasDelegate._add_delegate_accessors.<locals>._create_delegator_method.<locals>.f of <pandas.core.indexes.accessors.DatetimeProperties object at 0x000001F3106A2900>>,Low
CUST114615,ORD0008294,2024-03-15,Electronics,Laptop,Ibadan,3,20753,62259,2024,3,<bound method PandasDelegate._add_delegate_accessors.<locals>._create_delegator_method.<locals>.f of <pandas.core.indexes.accessors.DatetimeProperties object at 0x000001F3106A2900>>,Low
CUST079149,ORD0095842,2025-09-02,Office Supplies,Printer,Abuja,3,15353,46059,2025,9,<bound method PandasDelegate._add_delegate_accessors.<locals>._create_delegator_method.<locals>.f of <pandas.core.indexes.accessors.DatetimeProperties object at 0x000001F3106A2900>>,Low
CUST025464,ORD0075959,2022-07-23,Fashion,Desk,Rivers,2,53909,107818,2022,7,<bound method PandasDelegate._add_delegate_accessors.<locals>._create_delegator_method.<locals>.f of <pandas.core.indexes.accessors.DatetimeProperties object at 0x000001F3106A2900>>,Low
CUST019642,ORD0034238,2025-02-02,Home Appliances,Laptop,Ibadan,3,246304,738912,2025,2,<bound method PandasDelegate._add_delegate_accessors.<locals>._create_delegator_method.<locals>.f of <pandas.core.indexes.accessors.DatetimeProperties object at 0x000001F3106A2900>>,High
CUST145745,ORD0063016,2022-04-03,Fashion,Desk,Abuja,2,191854,383708,2022,4,<bound method PandasDelegate._add_delegate_accessors.<locals>._create_delegator_method.<locals>.f of <pandas.core.indexes.accessors.DatetimeProperties object at 0x000001F3106A2900>>,VIP
CUST017277,ORD0054708,2025-05-05,Fashion,Tablet,Abuja,1,200690,200690,2025,5,<bound method PandasDelegate._add_delegate_accessors.<locals>._create_delegator_method.<locals>.f of <pandas.core.indexes.accessors.DatetimeProperties object at 0x000001F3106A2900>>,Mid
CUST198769,ORD0092230,2025-08-11,Home Appliances,Laptop,Kano,2,165277,330554,2025,8,<bound method PandasDelegate._add_delegate_accessors.<locals>._create_delegator_method.<locals>.f of <pandas.core.indexes.accessors.DatetimeProperties object at 0x000001F3106A2900>>,VIP
CUST206952,ORD0075205,2022-09-22,Office Supplies,Printer,Ibadan,1,189156,189156,2022,9,<bound method PandasDelegate._add_delegate_accessors.<locals>._create_delegator_method.<locals>.f of <pandas.core.indexes.accessors.DatetimeProperties object at 0x000001F3106A2900>>,Low
CUST051841,ORD0073742,2023-04-09,Electronics,Sneakers,Abuja,2,203203,406406,2023,4,<bound method PandasDelegate._add_delegate_accessors.<locals>._create_delegator_method.<locals>.f of <pandas.core.indexes.accessors.DatetimeProperties object at 0x000001F3106A2900>>,Mid
CUST064808,ORD0049501,2023-05-17,Home Appliances,Sneakers,Rivers,2,273390,546780,2023,5,<bound method PandasDelegate._add_delegate_accessors.<locals>._create_delegator_method.<locals>.f of <pandas.core.indexes.accessors.DatetimeProperties object at 0x000001F3106A2900>>,High
CUST049192,ORD0073568,2024-06-08,Home Appliances,Sneakers,Enugu,4,270920,1083680,2024,6,<bound method PandasDelegate._add_delegate_accessors.<locals>._create_delegator_method.<locals>.f of <pandas.core.indexes.accessors.DatetimeProperties object at 0x000001F3106A2900>>,VIP
CUST208074,ORD0072004,2024-11-11,Electronics,Blender,Lagos,4,272255,1089020,2024,11,<bound method PandasDelegate._add_delegate_accessors.<locals>._create_delegator_method.<locals>.f of <pandas.core.indexes.accessors.DatetimeProperties object at 0x000001F3106A2900>>,VIP
CUST140305,ORD0095615,2023-11-14,Office Supplies,Desk,Lagos,3,119863,359589,2023,11,<bound method PandasDelegate._add_delegate_accessors.<locals>._create_delegator_method.<locals>.f of <pandas.core.indexes.accessors.DatetimeProperties object at 0x000001F3106A2900>>,Mid
CUST285849,ORD0062929,2021-01-25,Home Appliances,Blender,Abuja,3,106683,320049,2021,1,<bound method PandasDelegate._add_delegate_accessors.<locals>._create_delegator_method.<locals>.f of <pandas.core.indexes.accessors.DatetimeProperties object at 0x000001F3106A2900>>,Mid
CUST185483,ORD0047502,2023-01-29,Office Supplies,Laptop,Ibadan,3,101159,303477,2023,1,<bound method PandasDelegate._add_delegate_accessors.<locals>._create_delegator_method.<locals>.f of <pandas.core.indexes.accessors.DatetimeProperties object at 0x000001F3106A2900>>,Mid
CUST126165,ORD0023040,2024-10-24,Electronics,Smartphone,Kano,1,96177,96177,2024,10,<bound method PandasDelegate._add_delegate_accessors.<locals>._create_delegator_method.<locals>.f of <pandas.core.indexes.accessors.DatetimeProperties object at 0x000001F3106A2900>>,Low
CUST287451,ORD0059425,2023-05-05,Electronics,Desk,Ibadan,4,175157,700628,2023,5,<bound method PandasDelegate._add_delegate_accessors.<locals>._create_delegator_method.<locals>.f of <pandas.core.indexes.accessors.DatetimeProperties object at 0x000001F3106A2900>>,VIP
CUST041915,ORD0000969,2021-07-29,Home Appliances,Laptop,Enugu,2,184542,369084,2021,7,<bound method PandasDelegate._add_delegate_accessors.<locals>._create_delegator_method.<locals>.f of <pandas.core.indexes.accessors.DatetimeProperties object at 0x000001F3106A2900>>,Mid
CUST138975,ORD0094801,2025-03-27,Home Appliances,Blender,Port Harcourt,4,83545,334180,2025,3,<bound method PandasDelegate._add_delegate_accessors.<locals>._create_delegator_method.<locals>.f of <pandas.core.indexes.accessors.DatetimeProperties object at 0x000001F3106A2900>>,Mid
CUST144573,ORD0012855,2021-01-28,Fashion,Blender,Rivers,2,257552,515104,2021,1,<bound method PandasDelegate._add_delegate_accessors.<locals>._create_delegator_method.<locals>.f of <pandas.core.indexes.accessors.DatetimeProperties object at 0x000001F3106A2900>>,High
CUST124397,ORD0053366,2023-03-04,Fashion,Tablet,Kano,1,143747,143747,2023,3,<bound method PandasDelegate._add_delegate_accessors.<locals>._create_delegator_method.<locals>.f of <pandas.core.indexes.accessors.DatetimeProperties object at 0x000001F3106A2900>>,Low
CUST264439,ORD0034034,2023-02-16,Fashion,Tablet,Ibadan,5,57021,285105,2023,2,<bound method PandasDelegate._add_delegate_accessors.<locals>._create_delegator_method.<locals>.f of <pandas.core.indexes.accessors.DatetimeProperties object at 0x000001F3106A2900>>,Mid
CUST112910,ORD0010218,2024-10-15,Electronics,Desk,Enugu,3,61270,183810,2024,10,<bound method PandasDelegate._add_delegate_accessors.<locals>._create_delegator_method.<locals>.f of <pandas.core.indexes.accessors.DatetimeProperties object at 0x000001F3106A2900>>,Low
CUST039987,ORD0001030,2024-12-26,Fashion,Sneakers,Port Harcourt,5,68048,340240,2024,12,<bound method PandasDelegate._add_delegate_accessors.<locals>._create_delegator_method.<locals>.f of <pandas.core.indexes.accessors.DatetimeProperties object at 0x000001F3106A2900>>,VIP
CUST207149,ORD0082746,2021-02-14,Fashion,Laptop,Abuja,1,257286,257286,2021,2,<bound method PandasDelegate._add_delegate_accessors.<locals>._create_delegator_method.<locals>.f of <pandas.core.indexes.accessors.DatetimeProperties object at 0x000001F3106A2900>>,Mid
CUST068340,ORD0055060,2021-08-17,Home Appliances,Blender,Lagos,1,207113,207113,2021,8,<bound method PandasDelegate._add_delegate_accessors.<locals>._create_delegator_method.<locals>.f of <pandas.core.indexes.accessors.DatetimeProperties object at 0x000001F3106A2900>>,Mid
CUST260517,ORD0060775,2021-06-17,Home Appliances,Smartphone,Ibadan,1,154921,154921,2021,6,<bound method PandasDelegate._add_delegate_accessors.<locals>._create_delegator_method.<locals>.f of <pandas.core.indexes.accessors.DatetimeProperties object at 0x000001F3106A2900>>,Low
CUST025606,ORD0052159,2022-10-16,Electronics,Desk,Rivers,4,149912,599648,2022,10,<bound method PandasDelegate._add_delegate_accessors.<locals>._create_delegator_method.<locals>.f of <pandas.core.indexes.accessors.DatetimeProperties object at 0x000001F3106A2900>>,High
CUST257841,ORD0066302,2025-11-14,Fashion,Laptop,Enugu,4,100158,400632,2025,11,<bound method PandasDelegate._add_delegate_accessors.<locals>._create_delegator_method.<locals>.f of <pandas.core.indexes.accessors.DatetimeProperties object at 0x000001F3106A2900>>,Mid
CUST220599,ORD0026106,2025-09-18,Fashion,Printer,Port Harcourt,4,288737,1154948,2025,9,<bound method PandasDelegate._add_delegate_accessors.<locals>._create_delegator_method.<locals>.f of <pandas.core.indexes.accessors.DatetimeProperties object at 0x000001F3106A2900>>,VIP
CUST116237,ORD0060091,2022-05-15,Fashion,Sneakers,Kano,5,28756,143780,2022,5,<bound method PandasDelegate._add_delegate_accessors.<locals>._create_delegator_method.<locals>.f of <pandas.core.indexes.accessors.DatetimeProperties object at 0x000001F3106A2900>>,Low
CUST157999,ORD0053736,2021-03-17,Electronics,Desk,Rivers,5,88368,441840,2021,3,<bound method PandasDelegate._add_delegate_accessors.<locals>._create_delegator_method.<locals>.f of <pandas.core.indexes.accessors.DatetimeProperties object at 0x000001F3106A2900>>,High
CUST167047,ORD0031387,2024-09-02,Home Appliances,Smartphone,Kano,5,97643,488215,2024,9,<bound method PandasDelegate._add_delegate_accessors.<locals>._create_delegator_method.<locals>.f of <pandas.core.indexes.accessors.DatetimeProperties object at 0x000001F3106A2900>>,VIP
CUST155360,ORD0036460,2024-09-17,Office Supplies,Smartphone,Enugu,2,138503,277006,2024,9,<bound method PandasDelegate._add_delegate_accessors.<locals>._create_delegator_method.<locals>.f of <pandas.core.indexes.accessors.DatetimeProperties object at 0x000001F3106A2900>>,Mid
CUST080626,ORD0034039,2024-07-04,Office Supplies,Desk,Ibadan,2,78922,157844,2024,7,<bound method PandasDelegate._add_delegate_accessors.<locals>._create_delegator_method.<locals>.f of <pandas.core.indexes.accessors.DatetimeProperties object at 0x000001F3106A2900>>,Low
CUST056239,ORD0034122,2021-09-21,Electronics,Laptop,Enugu,5,254997,1274985,2021,9,<bound method PandasDelegate._add_delegate_accessors.<locals>._create_delegator_method.<locals>.f of <pandas.core.indexes.accessors.DatetimeProperties object at 0x000001F3106A2900>>,VIP
CUST294861,ORD0069852,2021-11-26,Office Supplies,Desk,Enugu,3,164335,493005,2021,11,<bound method PandasDelegate._add_delegate_accessors.<locals>._create_delegator_method.<locals>.f of <pandas.core.indexes.accessors.DatetimeProperties object at 0x000001F3106A2900>>,High
CUST270058,ORD0023452,2021-06-11,Office Supplies,Printer,Lagos,3,211050,633150,2021,6,<bound method PandasDelegate._add_delegate_accessors.<locals>._create_delegator_method.<locals>.f of <pandas.core.indexes.accessors.DatetimeProperties object at 0x000001F3106A2900>>,High
CUST103205,ORD0051377,2023-08-28,Fashion,Laptop,Kano,3,118415,355245,2023,8,<bound method PandasDelegate._add_delegate_accessors.<locals>._create_delegator_method.<locals>.f of <pandas.core.indexes.accessors.DatetimeProperties object at 0x000001F3106A2900>>,Mid
CUST187992,ORD0073223,2024-11-10,Fashion,Blender,Enugu,3,116726,350178,2024,11,<bound method PandasDelegate._add_delegate_accessors.<locals>._create_delegator_method.<locals>.f of <pandas.core.indexes.accessors.DatetimeProperties object at 0x000001F3106A2900>>,VIP
CUST272568,ORD0032327,2023-02-23,Electronics,Blender,Enugu,1,54732,54732,2023,2,<bound method PandasDelegate._add_delegate_accessors.<locals>._create_delegator_method.<locals>.f of <pandas.core.indexes.accessors.DatetimeProperties object at 0x000001F3106A2900>>,Mid
CUST188004,ORD0094666,2025-01-30,Fashion,Desk,Rivers,4,287516,1150064,2025,1,<bound method PandasDelegate._add_delegate_accessors.<locals>._create_delegator_method.<locals>.f of <pandas.core.indexes.accessors.DatetimeProperties object at 0x000001F3106A2900>>,VIP
CUST251458,ORD0036054,2025-06-12,Electronics,Smartphone,Ibadan,1,195363,195363,2025,6,<bound method PandasDelegate._add_delegate_accessors.<locals>._create_delegator_method.<locals>.f of <pandas.core.indexes.accessors.DatetimeProperties object at 0x000001F3106A2900>>,VIP
CUST118354,ORD0021361,2021-07-12,Fashion,Laptop,Ibadan,3,182702,548106,2021,7,<bound method PandasDelegate._add_delegate_accessors.<locals>._create_delegator_method.<locals>.f of <pandas.core.indexes.accessors.DatetimeProperties object at 0x000001F3106A2900>>,High
CUST208282,ORD0005866,2023-11-14,Home Appliances,Tablet,Kano,2,103875,207750,2023,11,<bound method PandasDelegate._add_delegate_accessors.<locals>._create_delegator_method.<locals>.f of <pandas.core.indexes.accessors.DatetimeProperties object at 0x000001F3106A2900>>,Mid
CUST142025,ORD0038522,2023-02-12,Home Appliances,Blender,Port Harcourt,1,5064,5064,2023,2,<bound method PandasDelegate._add_delegate_accessors.<locals>._create_delegator_method.<locals>.f of <pandas.core.indexes.accessors.DatetimeProperties object at 0x000001F3106A2900>>,Mid
CUST035197,ORD0074140,2023-03-03,Fashion,Tablet,Kano,3,77053,231159,2023,3,<bound method PandasDelegate._add_delegate_accessors.<locals>._create_delegator_method.<locals>.f of <pandas.core.indexes.accessors.DatetimeProperties object at 0x000001F3106A2900>>,VIP
CUST060665,ORD0012194,2022-07-21,Office Supplies,Blender,Kano,1,161506,161506,2022,7,<bound method PandasDelegate._add_delegate_accessors.<locals>._create_delegator_method.<locals>.f of <pandas.core.indexes.accessors.DatetimeProperties object at 0x000001F3106A2900>>,Low
CUST252140,ORD0070290,2025-05-23,Office Supplies,Laptop,Lagos,2,196120,392240,2025,5,<bound method PandasDelegate._add_delegate_accessors.<locals>._create_delegator_method.<locals>.f of <pandas.core.indexes.accessors.DatetimeProperties object at 0x000001F3106A2900>>,VIP
CUST032175,ORD0002637,2023-11-27,Fashion,Tablet,Enugu,3,269938,809814,2023,11,<bound method PandasDelegate._add_delegate_accessors.<locals>._create_delegator_method.<locals>.f of <pandas.core.indexes.accessors.DatetimeProperties object at 0x000001F3106A2900>>,VIP
CUST037404,ORD0012573,2021-06-19,Electronics,Desk,Ibadan,4,60461,241844,2021,6,<bound method PandasDelegate._add_delegate_accessors.<locals>._create_delegator_method.<locals>.f of <pandas.core.indexes.accessors.DatetimeProperties object at 0x000001F3106A2900>>,Mid
CUST154578,ORD0074977,2022-01-07,Home Appliances,Sneakers,Lagos,2,261590,523180,2022,1,<bound method PandasDelegate._add_delegate_accessors.<locals>._create_delegator_method.<locals>.f of <pandas.core.indexes.accessors.DatetimeProperties object at 0x000001F3106A2900>>,High
CUST159279,ORD0045034,2022-04-25,Home Appliances,Desk,Abuja,4,86421,345684,2022,4,<bound method PandasDelegate._add_delegate_accessors.<locals>._create_delegator_method.<locals>.f of <pandas.core.indexes.accessors.DatetimeProperties object at 0x000001F3106A2900>>,Mid
CUST103375,ORD0087030,2024-06-25,Fashion,Printer,Lagos,5,79920,399600,2024,6,<bound method PandasDelegate._add_delegate_accessors.<locals>._create_delegator_method.<locals>.f of <pandas.core.indexes.accessors.DatetimeProperties object at 0x000001F3106A2900>>,Mid
CUST050622,ORD0083869,2025-03-12,Fashion,Sneakers,Port Harcourt,2,296320,592640,2025,3,<bound method PandasDelegate._add_delegate_accessors.<locals>._create_delegator_method.<locals>.f of <pandas.core.indexes.accessors.DatetimeProperties object at 0x000001F3106A2900>>,High
CUST109451,ORD0085322,2022-07-15,Office Supplies,Laptop,Lagos,4,278637,1114548,2022,7,<bound method PandasDelegate._add_delegate_accessors.<locals>._create_delegator_method.<locals>.f of <pandas.core.indexes.accessors.DatetimeProperties object at 0x000001F3106A2900>>,VIP
CUST096148,ORD0051865,2021-03-07,Fashion,Laptop,Kano,5,138792,693960,2021,3,<bound method PandasDelegate._add_delegate_accessors.<locals>._create_delegator_method.<locals>.f of <pandas.core.indexes.accessors.DatetimeProperties object at 0x000001F3106A2900>>,High
CUST179023,ORD0012032,2025-05-31,Electronics,Tablet,Ibadan,4,5015,20060,2025,5,<bound method PandasDelegate._add_delegate_accessors.<locals>._create_delegator_method.<locals>.f of <pandas.core.indexes.accessors.DatetimeProperties object at 0x000001F3106A2900>>,Low
CUST269697,ORD0087116,2021-12-20,Fashion,Laptop,Kano,2,198179,396358,2021,12,<bound method PandasDelegate._add_delegate_accessors.<locals>._create_delegator_method.<locals>.f of <pandas.core.indexes.accessors.DatetimeProperties object at 0x000001F3106A2900>>,Mid
CUST259032,ORD0094209,2024-10-13,Electronics,Tablet,Ibadan,4,82693,330772,2024,10,<bound method PandasDelegate._add_delegate_accessors.<locals>._create_delegator_method.<locals>.f of <pandas.core.indexes.accessors.DatetimeProperties object at 0x000001F3106A2900>>,Mid
CUST098753,ORD0012314,2023-03-18,Fashion,Sneakers,Abuja,1,65534,65534,2023,3,<bound method PandasDelegate._add_delegate_accessors.<locals>._create_delegator_method.<locals>.f of <pandas.core.indexes.accessors.DatetimeProperties object at 0x000001F3106A2900>>,Low
CUST063824,ORD0034111,2022-05-28,Office Supplies,Blender,Abuja,2,61657,123314,2022,5,<bound method PandasDelegate._add_delegate_accessors.<locals>._create_delegator_method.<locals>.f of <pandas.core.indexes.accessors.DatetimeProperties object at 0x000001F3106A2900>>,High
CUST010552,ORD0081148,2023-11-30,Office Supplies,Blender,Lagos,3,111238,333714,2023,11,<bound method PandasDelegate._add_delegate_accessors.<locals>._create_delegator_method.<locals>.f of <pandas.core.indexes.accessors.DatetimeProperties object at 0x000001F3106A2900>>,Mid
CUST006799,ORD0030301,2022-08-08,Electronics,Blender,Ibadan,4,239743,958972,2022,8,<bound method PandasDelegate._add_delegate_accessors.<locals>._create_delegator_method.<locals>.f of <pandas.core.indexes.accessors.DatetimeProperties object at 0x000001F3106A2900>>,VIP
CUST285120,ORD0078130,2023-05-15,Fashion,Desk,Ibadan,2,79692,159384,2023,5,<bound method PandasDelegate._add_delegate_accessors.<locals>._create_delegator_method.<locals>.f of <pandas.core.indexes.accessors.DatetimeProperties object at 0x000001F3106A2900>>,Low
CUST162782,ORD0003895,2024-01-30,Office Supplies,Sneakers,Abuja,2,154128,308256,2024,1,<bound method PandasDelegate._add_delegate_accessors.<locals>._create_delegator_method.<locals>.f of <pandas.core.indexes.accessors.DatetimeProperties object at 0x000001F3106A2900>>,VIP
CUST058599,ORD0071222,2023-01-09,Fashion,Printer,Rivers,3,299772,899316,2023,1,<bound method PandasDelegate._add_delegate_accessors.<locals>._create_delegator_method.<locals>.f of <pandas.core.indexes.accessors.DatetimeProperties object at 0x000001F3106A2900>>,VIP
CUST008768,ORD0075137,2024-09-10,Office Supplies,Blender,Enugu,2,215877,431754,2024,9,<bound method PandasDelegate._add_delegate_accessors.<locals>._create_delegator_method.<locals>.f of <pandas.core.indexes.accessors.DatetimeProperties object at 0x000001F3106A2900>>,High
CUST191600,ORD0099173,2025-04-03,Electronics,Smartphone,Port Harcourt,2,14363,28726,2025,4,<bound method PandasDelegate._add_delegate_accessors.<locals>._create_delegator_method.<locals>.f of <pandas.core.indexes.accessors.DatetimeProperties object at 0x000001F3106A2900>>,VIP
CUST122744,ORD0081070,2024-01-19,Home Appliances,Blender,Ibadan,4,68317,273268,2024,1,<bound method PandasDelegate._add_delegate_accessors.<locals>._create_delegator_method.<locals>.f of <pandas.core.indexes.accessors.DatetimeProperties object at 0x000001F3106A2900>>,Mid
CUST114767,ORD0080005,2024-08-21,Fashion,Smartphone,Abuja,1,141355,141355,2024,8,<bound method PandasDelegate._add_delegate_accessors.<locals>._create_delegator_method.<locals>.f of <pandas.core.indexes.accessors.DatetimeProperties object at 0x000001F3106A2900>>,Low
CUST062526,ORD0025041,2023-06-30,Fashion,Smartphone,Enugu,1,276236,276236,2023,6,<bound method PandasDelegate._add_delegate_accessors.<locals>._create_delegator_method.<locals>.f of <pandas.core.indexes.accessors.DatetimeProperties object at 0x000001F3106A2900>>,Mid
CUST048927,ORD0008452,2021-07-18,Home Appliances,Tablet,Port Harcourt,1,157499,157499,2021,7,<bound method PandasDelegate._add_delegate_accessors.<locals>._create_delegator_method.<locals>.f of <pandas.core.indexes.accessors.DatetimeProperties object at 0x000001F3106A2900>>,Low
CUST288233,ORD0033132,2024-01-15,Home Appliances,Tablet,Ibadan,2,285749,571498,2024,1,<bound method PandasDelegate._add_delegate_accessors.<locals>._create_delegator_method.<locals>.f of <pandas.core.indexes.accessors.DatetimeProperties object at 0x000001F3106A2900>>,High
CUST298836,ORD0071255,2025-04-16,Home Appliances,Smartphone,Abuja,4,8630,34520,2025,4,<bound method PandasDelegate._add_delegate_accessors.<locals>._create_delegator_method.<locals>.f of <pandas.core.indexes.accessors.DatetimeProperties object at 0x000001F3106A2900>>,Low
CUST178069,ORD0011680,2022-07-28,Home Appliances,Smartphone,Lagos,3,274106,822318,2022,7,<bound method PandasDelegate._add_delegate_accessors.<locals>._create_delegator_method.<locals>.f of <pandas.core.indexes.accessors.DatetimeProperties object at 0x000001F3106A2900>>,VIP
CUST120233,ORD0056888,2022-11-03,Fashion,Desk,Abuja,3,253262,759786,2022,11,<bound method PandasDelegate._add_delegate_accessors.<locals>._create_delegator_method.<locals>.f of <pandas.core.indexes.accessors.DatetimeProperties object at 0x000001F3106A2900>>,VIP
CUST051353,ORD0049329,2022-05-16,Electronics,Printer,Abuja,2,248955,497910,2022,5,<bound method PandasDelegate._add_delegate_accessors.<locals>._create_delegator_method.<locals>.f of <pandas.core.indexes.accessors.DatetimeProperties object at 0x000001F3106A2900>>,High
CUST163875,ORD0085196,2025-05-14,Electronics,Printer,Lagos,3,142901,428703,2025,5,<bound method PandasDelegate._add_delegate_accessors.<locals>._create_delegator_method.<locals>.f of <pandas.core.indexes.accessors.DatetimeProperties object at 0x000001F3106A2900>>,Mid
CUST009969,ORD0050732,2024-03-22,Fashion,Sneakers,Enugu,3,10307,30921,2024,3,<bound method PandasDelegate._add_delegate_accessors.<locals>._create_delegator_method.<locals>.f of <pandas.core.indexes.accessors.DatetimeProperties object at 0x000001F3106A2900>>,Low
CUST068605,ORD0076640,2021-07-04,Office Supplies,Laptop,Abuja,3,212413,637239,2021,7,<bound method PandasDelegate._add_delegate_accessors.<locals>._create_delegator_method.<locals>.f of <pandas.core.indexes.accessors.DatetimeProperties object at 0x000001F3106A2900>>,High
CUST168400,ORD0081274,2021-05-19,Office Supplies,Tablet,Abuja,1,11878,11878,2021,5,<bound method PandasDelegate._add_delegate_accessors.<locals>._create_delegator_method.<locals>.f of <pandas.core.indexes.accessors.DatetimeProperties object at 0x000001F3106A2900>>,Low
CUST024043,ORD0004421,2025-05-18,Home Appliances,Tablet,Abuja,1,8695,8695,2025,5,<bound method PandasDelegate._add_delegate_accessors.<locals>._create_delegator_method.<locals>.f of <pandas.core.indexes.accessors.DatetimeProperties object at 0x000001F3106A2900>>,Low
CUST200103,ORD0040071,2022-06-08,Electronics,Sneakers,Abuja,1,35297,35297,2022,6,<bound method PandasDelegate._add_delegate_accessors.<locals>._create_delegator_method.<locals>.f of <pandas.core.indexes.accessors.DatetimeProperties object at 0x000001F3106A2900>>,Low
CUST191780,ORD0066596,2021-04-18,Electronics,Smartphone,Abuja,3,160217,480651,2021,4,<bound method PandasDelegate._add_delegate_accessors.<locals>._create_delegator_method.<locals>.f of <pandas.core.indexes.accessors.DatetimeProperties object at 0x000001F3106A2900>>,High
CUST181696,ORD0024491,2025-02-01,Office Supplies,Blender,Abuja,5,182166,910830,2025,2,<bound method PandasDelegate._add_delegate_accessors.<locals>._create_delegator_method.<locals>.f of <pandas.core.indexes.accessors.DatetimeProperties object at 0x000001F3106A2900>>,VIP
CUST250527,ORD0060325,2025-09-26,Fashion,Tablet,Lagos,5,276698,1383490,2025,9,<bound method PandasDelegate._add_delegate_accessors.<locals>._create_delegator_method.<locals>.f of <pandas.core.indexes.accessors.DatetimeProperties object at 0x000001F3106A2900>>,VIP
CUST160083,ORD0058109,2022-10-08,Fashion,Laptop,Enugu,4,218302,873208,2022,10,<bound method PandasDelegate._add_delegate_accessors.<locals>._create_delegator_method.<locals>.f of <pandas.core.indexes.accessors.DatetimeProperties object at 0x000001F3106A2900>>,VIP
CUST105078,ORD0073801,2021-06-25,Office Supplies,Blender,Port Harcourt,1,282847,282847,2021,6,<bound method PandasDelegate._add_delegate_accessors.<locals>._create_delegator_method.<locals>.f of <pandas.core.indexes.accessors.DatetimeProperties object at 0x000001F3106A2900>>,VIP
CUST085193,ORD0007845,2024-07-04,Home Appliances,Blender,Kano,4,195816,783264,2024,7,<bound method PandasDelegate._add_delegate_accessors.<locals>._create_delegator_method.<locals>.f of <pandas.core.indexes.accessors.DatetimeProperties object at 0x000001F3106A2900>>,High
CUST018150,ORD0093116,2024-02-15,Electronics,Tablet,Abuja,2,297313,594626,2024,2,<bound method PandasDelegate._add_delegate_accessors.<locals>._create_delegator_method.<locals>.f of <pandas.core.indexes.accessors.DatetimeProperties object at 0x000001F3106A2900>>,High
CUST137040,ORD0035346,2025-12-16,Fashion,Tablet,Kano,2,77499,154998,2025,12,<bound method PandasDelegate._add_delegate_accessors.<locals>._create_delegator_method.<locals>.f of <pandas.core.indexes.accessors.DatetimeProperties object at 0x000001F3106A2900>>,Mid
CUST079401,ORD0009812,2024-02-16,Electronics,Tablet,Port Harcourt,5,114417,572085,2024,2,<bound method PandasDelegate._add_delegate_accessors.<locals>._create_delegator_method.<locals>.f of <pandas.core.indexes.accessors.DatetimeProperties object at 0x000001F3106A2900>>,High
CUST096201,ORD0043581,2025-04-26,Home Appliances,Smartphone,Ibadan,1,203303,203303,2025,4,<bound method PandasDelegate._add_delegate_accessors.<locals>._create_delegator_method.<locals>.f of <pandas.core.indexes.accessors.DatetimeProperties object at 0x000001F3106A2900>>,Mid
CUST085588,ORD0029164,2021-07-15,Office Supplies,Sneakers,Kano,5,27829,139145,2021,7,<bound method PandasDelegate._add_delegate_accessors.<locals>._create_delegator_method.<locals>.f of <pandas.core.indexes.accessors.DatetimeProperties object at 0x000001F3106A2900>>,Low
CUST025280,ORD0005545,2022-02-12,Home Appliances,Blender,Abuja,4,42474,169896,2022,2,<bound method PandasDelegate._add_delegate_accessors.<locals>._create_delegator_method.<locals>.f of <pandas.core.indexes.accessors.DatetimeProperties object at 0x000001F3106A2900>>,Low
CUST004201,ORD0023747,2023-11-24,Electronics,Blender,Port Harcourt,5,83152,415760,2023,11,<bound method PandasDelegate._add_delegate_accessors.<locals>._create_delegator_method.<locals>.f of <pandas.core.indexes.accessors.DatetimeProperties object at 0x000001F3106A2900>>,High
CUST201012,ORD0013157,2022-07-13,Fashion,Laptop,Lagos,3,125088,375264,2022,7,<bound method PandasDelegate._add_delegate_accessors.<locals>._create_delegator_method.<locals>.f of <pandas.core.indexes.accessors.DatetimeProperties object at 0x000001F3106A2900>>,Mid
CUST068403,ORD0054097,2021-11-27,Office Supplies,Laptop,Ibadan,5,175657,878285,2021,11,<bound method PandasDelegate._add_delegate_accessors.<locals>._create_delegator_method.<locals>.f of <pandas.core.indexes.accessors.DatetimeProperties object at 0x000001F3106A2900>>,VIP
CUST219580,ORD0073308,2023-01-13,Office Supplies,Laptop,Ibadan,2,149406,298812,2023,1,<bound method PandasDelegate._add_delegate_accessors.<locals>._create_delegator_method.<locals>.f of <pandas.core.indexes.accessors.DatetimeProperties object at 0x000001F3106A2900>>,Mid
CUST216034,ORD0022022,2022-09-06,Home Appliances,Smartphone,Kano,3,220055,660165,2022,9,<bound method PandasDelegate._add_delegate_accessors.<locals>._create_delegator_method.<locals>.f of <pandas.core.indexes.accessors.DatetimeProperties object at 0x000001F3106A2900>>,High
CUST268510,ORD0074227,2022-12-13,Fashion,Laptop,Abuja,4,82716,330864,2022,12,<bound method PandasDelegate._add_delegate_accessors.<locals>._create_delegator_method.<locals>.f of <pandas.core.indexes.accessors.DatetimeProperties object at 0x000001F3106A2900>>,Mid
CUST159407,ORD0071454,2025-02-07,Office Supplies,Blender,Port Harcourt,3,74375,223125,2025,2,<bound method PandasDelegate._add_delegate_accessors.<locals>._create_delegator_method.<locals>.f of <pandas.core.indexes.accessors.DatetimeProperties object at 0x000001F3106A2900>>,Mid
CUST264402,ORD0092522,2024-01-26,Fashion,Blender,Rivers,3,245043,735129,2024,1,<bound method PandasDelegate._add_delegate_accessors.<locals>._create_delegator_method.<locals>.f of <pandas.core.indexes.accessors.DatetimeProperties object at 0x000001F3106A2900>>,High
CUST297562,ORD0091252,2023-03-03,Electronics,Desk,Lagos,4,10944,43776,2023,3,<bound method PandasDelegate._add_delegate_accessors.<locals>._create_delegator_method.<locals>.f of <pandas.core.indexes.accessors.DatetimeProperties object at 0x000001F3106A2900>>,Low
CUST297708,ORD0096981,2024-05-27,Fashion,Smartphone,Kano,5,243584,1217920,2024,5,<bound method PandasDelegate._add_delegate_accessors.<locals>._create_delegator_method.<locals>.f of <pandas.core.indexes.accessors.DatetimeProperties object at 0x000001F3106A2900>>,VIP
CUST170609,ORD0012245,2021-12-25,Fashion,Smartphone,Rivers,2,266534,533068,2021,12,<bound method PandasDelegate._add_delegate_accessors.<locals>._create_delegator_method.<locals>.f of <pandas.core.indexes.accessors.DatetimeProperties object at 0x000001F3106A2900>>,High
CUST236097,ORD0047265,2023-03-28,Office Supplies,Printer,Enugu,3,167237,501711,2023,3,<bound method PandasDelegate._add_delegate_accessors.<locals>._create_delegator_method.<locals>.f of <pandas.core.indexes.accessors.DatetimeProperties object at 0x000001F3106A2900>>,High
CUST210360,ORD0009322,2024-10-13,Home Appliances,Sneakers,Abuja,5,105609,528045,2024,10,<bound method PandasDelegate._add_delegate_accessors.<locals>._create_delegator_method.<locals>.f of <pandas.core.indexes.accessors.DatetimeProperties object at 0x000001F3106A2900>>,High
CUST255670,ORD0006500,2022-02-11,Home Appliances,Smartphone,Ibadan,1,151059,151059,2022,2,<bound method PandasDelegate._add_delegate_accessors.<locals>._create_delegator_method.<locals>.f of <pandas.core.indexes.accessors.DatetimeProperties object at 0x000001F3106A2900>>,Low
CUST246762,ORD0079823,2024-12-22,Office Supplies,Printer,Kano,3,276775,830325,2024,12,<bound method PandasDelegate._add_delegate_accessors.<locals>._create_delegator_method.<locals>.f of <pandas.core.indexes.accessors.DatetimeProperties object at 0x000001F3106A2900>>,VIP
CUST091626,ORD0083768,2024-05-18,Fashion,Blender,Abuja,5,15555,77775,2024,5,<bound method PandasDelegate._add_delegate_accessors.<locals>._create_delegator_method.<locals>.f of <pandas.core.indexes.accessors.DatetimeProperties object at 0x000001F3106A2900>>,Low
CUST000531,ORD0017876,2024-07-09,Home Appliances,Smartphone,Rivers,3,72927,218781,2024,7,<bound method PandasDelegate._add_delegate_accessors.<locals>._create_delegator_method.<locals>.f of <pandas.core.indexes.accessors.DatetimeProperties object at 0x000001F3106A2900>>,Mid
CUST264116,ORD0028926,2024-10-30,Fashion,Blender,Kano,1,265134,265134,2024,10,<bound method PandasDelegate._add_delegate_accessors.<locals>._create_delegator_method.<locals>.f of <pandas.core.indexes.accessors.DatetimeProperties object at 0x000001F3106A2900>>,Mid
CUST062111,ORD0094794,2021-08-13,Fashion,Smartphone,Enugu,3,295737,887211,2021,8,<bound method PandasDelegate._add_delegate_accessors.<locals>._create_delegator_method.<locals>.f of <pandas.core.indexes.accessors.DatetimeProperties object at 0x000001F3106A2900>>,VIP
CUST251418,ORD0064948,2021-09-22,Electronics,Desk,Enugu,5,278657,1393285,2021,9,<bound method PandasDelegate._add_delegate_accessors.<locals>._create_delegator_method.<locals>.f of <pandas.core.indexes.accessors.DatetimeProperties object at 0x000001F3106A2900>>,VIP
CUST042413,ORD0026833,2025-06-15,Office Supplies,Desk,Lagos,2,191600,383200,2025,6,<bound method PandasDelegate._add_delegate_accessors.<locals>._create_delegator_method.<locals>.f of <pandas.core.indexes.accessors.DatetimeProperties object at 0x000001F3106A2900>>,Mid
CUST134857,ORD0073180,2024-08-07,Fashion,Laptop,Abuja,4,145714,582856,2024,8,<bound method PandasDelegate._add_delegate_accessors.<locals>._create_delegator_method.<locals>.f of <pandas.core.indexes.accessors.DatetimeProperties object at 0x000001F3106A2900>>,High
CUST070998,ORD0077557,2025-04-22,Electronics,Blender,Enugu,5,25194,125970,2025,4,<bound method PandasDelegate._add_delegate_accessors.<locals>._create_delegator_method.<locals>.f of <pandas.core.indexes.accessors.DatetimeProperties object at 0x000001F3106A2900>>,Mid
CUST269159,ORD0075400,2023-09-17,Fashion,Smartphone,Enugu,3,9170,27510,2023,9,<bound method PandasDelegate._add_delegate_accessors.<locals>._create_delegator_method.<locals>.f of <pandas.core.indexes.accessors.DatetimeProperties object at 0x000001F3106A2900>>,Mid
CUST222639,ORD0034572,2023-04-29,Electronics,Blender,Port Harcourt,2,187840,375680,2023,4,<bound method PandasDelegate._add_delegate_accessors.<locals>._create_delegator_method.<locals>.f of <pandas.core.indexes.accessors.DatetimeProperties object at 0x000001F3106A2900>>,Mid
CUST031357,ORD0059464,2023-02-27,Home Appliances,Laptop,Rivers,1,74791,74791,2023,2,<bound method PandasDelegate._add_delegate_accessors.<locals>._create_delegator_method.<locals>.f of <pandas.core.indexes.accessors.DatetimeProperties object at 0x000001F3106A2900>>,Low
CUST233776,ORD0082106,2022-11-01,Fashion,Sneakers,Ibadan,2,287008,574016,2022,11,<bound method PandasDelegate._add_delegate_accessors.<locals>._create_delegator_method.<locals>.f of <pandas.core.indexes.accessors.DatetimeProperties object at 0x000001F3106A2900>>,High
CUST150161,ORD0022739,2025-07-06,Home Appliances,Smartphone,Kano,5,261415,1307075,2025,7,<bound method PandasDelegate._add_delegate_accessors.<locals>._create_delegator_method.<locals>.f of <pandas.core.indexes.accessors.DatetimeProperties object at 0x000001F3106A2900>>,VIP
CUST240117,ORD0028283,2023-07-27,Fashion,Smartphone,Rivers,5,231559,1157795,2023,7,<bound method PandasDelegate._add_delegate_accessors.<locals>._create_delegator_method.<locals>.f of <pandas.core.indexes.accessors.DatetimeProperties object at 0x000001F3106A2900>>,VIP
CUST264374,ORD0058016,2023-05-27,Office Supplies,Sneakers,Abuja,3,182883,548649,2023,5,<bound method PandasDelegate._add_delegate_accessors.<locals>._create_delegator_method.<locals>.f of <pandas.core.indexes.accessors.DatetimeProperties object at 0x000001F3106A2900>>,High
CUST134268,ORD0054929,2025-07-05,Fashion,Sneakers,Kano,5,18951,94755,2025,7,<bound method PandasDelegate._add_delegate_accessors.<locals>._create_delegator_method.<locals>.f of <pandas.core.indexes.accessors.DatetimeProperties object at 0x000001F3106A2900>>,Low
CUST185429,ORD0090332,2024-02-29,Fashion,Printer,Enugu,3,93296,279888,2024,2,<bound method PandasDelegate._add_delegate_accessors.<locals>._create_delegator_method.<locals>.f of <pandas.core.indexes.accessors.DatetimeProperties object at 0x000001F3106A2900>>,Mid
CUST016174,ORD0077434,2022-07-28,Fashion,Desk,Abuja,5,280104,1400520,2022,7,<bound method PandasDelegate._add_delegate_accessors.<locals>._create_delegator_method.<locals>.f of <pandas.core.indexes.accessors.DatetimeProperties object at 0x000001F3106A2900>>,VIP
CUST211366,ORD0065947,2021-02-25,Office Supplies,Blender,Kano,1,47866,47866,2021,2,<bound method PandasDelegate._add_delegate_accessors.<locals>._create_delegator_method.<locals>.f of <pandas.core.indexes.accessors.DatetimeProperties object at 0x000001F3106A2900>>,Low
CUST054415,ORD0063629,2021-12-09,Electronics,Printer,Rivers,5,61755,308775,2021,12,<bound method PandasDelegate._add_delegate_accessors.<locals>._create_delegator_method.<locals>.f of <pandas.core.indexes.accessors.DatetimeProperties object at 0x000001F3106A2900>>,VIP
CUST046298,ORD0093356,2021-10-29,Office Supplies,Laptop,Lagos,1,142380,142380,2021,10,<bound method PandasDelegate._add_delegate_accessors.<locals>._create_delegator_method.<locals>.f of <pandas.core.indexes.accessors.DatetimeProperties object at 0x000001F3106A2900>>,Low
CUST284901,ORD0063197,2022-11-01,Home Appliances,Desk,Rivers,2,46910,93820,2022,11,<bound method PandasDelegate._add_delegate_accessors.<locals>._create_delegator_method.<locals>.f of <pandas.core.indexes.accessors.DatetimeProperties object at 0x000001F3106A2900>>,Low
CUST098120,ORD0037463,2022-03-30,Home Appliances,Sneakers,Kano,5,288679,1443395,2022,3,<bound method PandasDelegate._add_delegate_accessors.<locals>._create_delegator_method.<locals>.f of <pandas.core.indexes.accessors.DatetimeProperties object at 0x000001F3106A2900>>,VIP
CUST197355,ORD0035281,2022-10-27,Home Appliances,Desk,Abuja,1,79587,79587,2022,10,<bound method PandasDelegate._add_delegate_accessors.<locals>._create_delegator_method.<locals>.f of <pandas.core.indexes.accessors.DatetimeProperties object at 0x000001F3106A2900>>,Low
CUST237727,ORD0070709,2023-10-18,Fashion,Sneakers,Kano,2,139448,278896,2023,10,<bound method PandasDelegate._add_delegate_accessors.<locals>._create_delegator_method.<locals>.f of <pandas.core.indexes.accessors.DatetimeProperties object at 0x000001F3106A2900>>,Mid
CUST064432,ORD0079141,2021-10-11,Home Appliances,Blender,Enugu,2,184363,368726,2021,10,<bound method PandasDelegate._add_delegate_accessors.<locals>._create_delegator_method.<locals>.f of <pandas.core.indexes.accessors.DatetimeProperties object at 0x000001F3106A2900>>,Mid
CUST281302,ORD0006852,2022-06-10,Office Supplies,Laptop,Rivers,5,73118,365590,2022,6,<bound method PandasDelegate._add_delegate_accessors.<locals>._create_delegator_method.<locals>.f of <pandas.core.indexes.accessors.DatetimeProperties object at 0x000001F3106A2900>>,Mid
CUST254580,ORD0075921,2022-06-11,Home Appliances,Laptop,Abuja,1,248653,248653,2022,6,<bound method PandasDelegate._add_delegate_accessors.<locals>._create_delegator_method.<locals>.f of <pandas.core.indexes.accessors.DatetimeProperties object at 0x000001F3106A2900>>,Mid
CUST151013,ORD0076914,2021-05-23,Home Appliances,Desk,Abuja,2,229988,459976,2021,5,<bound method PandasDelegate._add_delegate_accessors.<locals>._create_delegator_method.<locals>.f of <pandas.core.indexes.accessors.DatetimeProperties object at 0x000001F3106A2900>>,VIP
CUST275633,ORD0096993,2023-01-06,Home Appliances,Smartphone,Rivers,3,235617,706851,2023,1,<bound method PandasDelegate._add_delegate_accessors.<locals>._create_delegator_method.<locals>.f of <pandas.core.indexes.accessors.DatetimeProperties object at 0x000001F3106A2900>>,High
CUST274734,ORD0099086,2022-08-27,Office Supplies,Smartphone,Port Harcourt,5,226933,1134665,2022,8,<bound method PandasDelegate._add_delegate_accessors.<locals>._create_delegator_method.<locals>.f of <pandas.core.indexes.accessors.DatetimeProperties object at 0x000001F3106A2900>>,VIP
CUST130374,ORD0053335,2023-03-17,Home Appliances,Smartphone,Ibadan,3,125477,376431,2023,3,<bound method PandasDelegate._add_delegate_accessors.<locals>._create_delegator_method.<locals>.f of <pandas.core.indexes.accessors.DatetimeProperties object at 0x000001F3106A2900>>,Mid
CUST214799,ORD0023928,2022-08-04,Home Appliances,Desk,Rivers,3,86191,258573,2022,8,<bound method PandasDelegate._add_delegate_accessors.<locals>._create_delegator_method.<locals>.f of <pandas.core.indexes.accessors.DatetimeProperties object at 0x000001F3106A2900>>,Mid
CUST193481,ORD0046551,2025-03-19,Electronics,Printer,Rivers,4,212165,848660,2025,3,<bound method PandasDelegate._add_delegate_accessors.<locals>._create_delegator_method.<locals>.f of <pandas.core.indexes.accessors.DatetimeProperties object at 0x000001F3106A2900>>,VIP
CUST218841,ORD0074425,2021-01-29,Office Supplies,Tablet,Enugu,1,262156,262156,2021,1,<bound method PandasDelegate._add_delegate_accessors.<locals>._create_delegator_method.<locals>.f of <pandas.core.indexes.accessors.DatetimeProperties object at 0x000001F3106A2900>>,Mid
CUST107583,ORD0040099,2025-10-09,Fashion,Desk,Enugu,5,277893,1389465,2025,10,<bound method PandasDelegate._add_delegate_accessors.<locals>._create_delegator_method.<locals>.f of <pandas.core.indexes.accessors.DatetimeProperties object at 0x000001F3106A2900>>,VIP
CUST235804,ORD0047023,2025-07-08,Office Supplies,Laptop,Port Harcourt,4,226206,904824,2025,7,<bound method PandasDelegate._add_delegate_accessors.<locals>._create_delegator_method.<locals>.f of <pandas.core.indexes.accessors.DatetimeProperties object at 0x000001F3106A2900>>,VIP
CUST020460,ORD0043310,2023-10-23,Electronics,Sneakers,Rivers,2,164357,328714,2023,10,<bound method PandasDelegate._add_delegate_accessors.<locals>._create_delegator_method.<locals>.f of <pandas.core.indexes.accessors.DatetimeProperties object at 0x000001F3106A2900>>,Mid
CUST070672,ORD0029867,2023-05-21,Home Appliances,Blender,Enugu,5,263762,1318810,2023,5,<bound method PandasDelegate._add_delegate_accessors.<locals>._create_delegator_method.<locals>.f of <pandas.core.indexes.accessors.DatetimeProperties object at 0x000001F3106A2900>>,VIP
CUST185871,ORD0088145,2024-03-30,Home Appliances,Tablet,Rivers,1,37925,37925,2024,3,<bound method PandasDelegate._add_delegate_accessors.<locals>._create_delegator_method.<locals>.f of <pandas.core.indexes.accessors.DatetimeProperties object at 0x000001F3106A2900>>,Low
CUST156285,ORD0024871,2024-12-10,Office Supplies,Desk,Lagos,2,264750,529500,2024,12,<bound method PandasDelegate._add_delegate_accessors.<locals>._create_delegator_method.<locals>.f of <pandas.core.indexes.accessors.DatetimeProperties object at 0x000001F3106A2900>>,High
CUST047032,ORD0059155,2023-05-15,Fashion,Desk,Rivers,4,164335,657340,2023,5,<bound method PandasDelegate._add_delegate_accessors.<locals>._create_delegator_method.<locals>.f of <pandas.core.indexes.accessors.DatetimeProperties object at 0x000001F3106A2900>>,High
CUST041376,ORD0070143,2024-02-22,Home Appliances,Desk,Abuja,3,111697,335091,2024,2,<bound method PandasDelegate._add_delegate_accessors.<locals>._create_delegator_method.<locals>.f of <pandas.core.indexes.accessors.DatetimeProperties object at 0x000001F3106A2900>>,High
CUST094539,ORD0026686,2021-02-27,Home Appliances,Desk,Abuja,4,125491,501964,2021,2,<bound method PandasDelegate._add_delegate_accessors.<locals>._create_delegator_method.<locals>.f of <pandas.core.indexes.accessors.DatetimeProperties object at 0x000001F3106A2900>>,High
CUST230615,ORD0030079,2025-09-14,Home Appliances,Desk,Ibadan,5,58504,292520,2025,9,<bound method PandasDelegate._add_delegate_accessors.<locals>._create_delegator_method.<locals>.f of <pandas.core.indexes.accessors.DatetimeProperties object at 0x000001F3106A2900>>,Mid
CUST000452,ORD0023441,2024-10-22,Fashion,Laptop,Rivers,1,251592,251592,2024,10,<bound method PandasDelegate._add_delegate_accessors.<locals>._create_delegator_method.<locals>.f of <pandas.core.indexes.accessors.DatetimeProperties object at 0x000001F3106A2900>>,Mid
CUST074772,ORD0091064,2025-10-09,Electronics,Smartphone,Ibadan,4,20694,82776,2025,10,<bound method PandasDelegate._add_delegate_accessors.<locals>._create_delegator_method.<locals>.f of <pandas.core.indexes.accessors.DatetimeProperties object at 0x000001F3106A2900>>,Low
CUST219770,ORD0034523,2023-06-28,Home Appliances,Blender,Enugu,1,277981,277981,2023,6,<bound method PandasDelegate._add_delegate_accessors.<locals>._create_delegator_method.<locals>.f of <pandas.core.indexes.accessors.DatetimeProperties object at 0x000001F3106A2900>>,Mid
CUST245260,ORD0009998,2023-12-28,Home Appliances,Sneakers,Kano,2,153839,307678,2023,12,<bound method PandasDelegate._add_delegate_accessors.<locals>._create_delegator_method.<locals>.f of <pandas.core.indexes.accessors.DatetimeProperties object at 0x000001F3106A2900>>,VIP
CUST275277,ORD0080103,2021-01-24,Office Supplies,Smartphone,Rivers,1,254298,254298,2021,1,<bound method PandasDelegate._add_delegate_accessors.<locals>._create_delegator_method.<locals>.f of <pandas.core.indexes.accessors.DatetimeProperties object at 0x000001F3106A2900>>,Mid
CUST127957,ORD0061418,2022-11-27,Electronics,Sneakers,Enugu,3,7225,21675,2022,11,<bound method PandasDelegate._add_delegate_accessors.<locals>._create_delegator_method.<locals>.f of <pandas.core.indexes.accessors.DatetimeProperties object at 0x000001F3106A2900>>,VIP
CUST160573,ORD0035952,2021-05-05,Home Appliances,Printer,Lagos,3,210185,630555,2021,5,<bound method PandasDelegate._add_delegate_accessors.<locals>._create_delegator_method.<locals>.f of <pandas.core.indexes.accessors.DatetimeProperties object at 0x000001F3106A2900>>,High
CUST271368,ORD0017788,2022-02-04,Fashion,Smartphone,Abuja,5,181882,909410,2022,2,<bound method PandasDelegate._add_delegate_accessors.<locals>._create_delegator_method.<locals>.f of <pandas.core.indexes.accessors.DatetimeProperties object at 0x000001F3106A2900>>,VIP
CUST214438,ORD0054857,2025-04-23,Home Appliances,Tablet,Rivers,5,86463,432315,2025,4,<bound method PandasDelegate._add_delegate_accessors.<locals>._create_delegator_method.<locals>.f of <pandas.core.indexes.accessors.DatetimeProperties object at 0x000001F3106A2900>>,High
CUST164336,ORD0050369,2022-12-23,Office Supplies,Smartphone,Lagos,1,50114,50114,2022,12,<bound method PandasDelegate._add_delegate_accessors.<locals>._create_delegator_method.<locals>.f of <pandas.core.indexes.accessors.DatetimeProperties object at 0x000001F3106A2900>>,Low
CUST032327,ORD0016437,2021-09-22,Electronics,Desk,Kano,1,45791,45791,2021,9,<bound method PandasDelegate._add_delegate_accessors.<locals>._create_delegator_method.<locals>.f of <pandas.core.indexes.accessors.DatetimeProperties object at 0x000001F3106A2900>>,Low
CUST181288,ORD0049018,2022-04-29,Office Supplies,Sneakers,Port Harcourt,3,112433,337299,2022,4,<bound method PandasDelegate._add_delegate_accessors.<locals>._create_delegator_method.<locals>.f of <pandas.core.indexes.accessors.DatetimeProperties object at 0x000001F3106A2900>>,Mid
CUST184305,ORD0064363,2023-06-01,Home Appliances,Desk,Port Harcourt,5,179917,899585,2023,6,<bound method PandasDelegate._add_delegate_accessors.<locals>._create_delegator_method.<locals>.f of <pandas.core.indexes.accessors.DatetimeProperties object at 0x000001F3106A2900>>,VIP
CUST135057,ORD0094054,2021-07-05,Fashion,Printer,Kano,5,288001,1440005,2021,7,<bound method PandasDelegate._add_delegate_accessors.<locals>._create_delegator_method.<locals>.f of <pandas.core.indexes.accessors.DatetimeProperties object at 0x000001F3106A2900>>,VIP
CUST276519,ORD0036811,2021-01-12,Electronics,Tablet,Port Harcourt,2,277079,554158,2021,1,<bound method PandasDelegate._add_delegate_accessors.<locals>._create_delegator_method.<locals>.f of <pandas.core.indexes.accessors.DatetimeProperties object at 0x000001F3106A2900>>,VIP
CUST085761,ORD0074188,2023-07-30,Electronics,Desk,Port Harcourt,5,164100,820500,2023,7,<bound method PandasDelegate._add_delegate_accessors.<locals>._create_delegator_method.<locals>.f of <pandas.core.indexes.accessors.DatetimeProperties object at 0x000001F3106A2900>>,VIP
CUST059318,ORD0022099,2021-04-03,Fashion,Desk,Abuja,2,61543,123086,2021,4,<bound method PandasDelegate._add_delegate_accessors.<locals>._create_delegator_method.<locals>.f of <pandas.core.indexes.accessors.DatetimeProperties object at 0x000001F3106A2900>>,Low
CUST152553,ORD0028040,2024-02-20,Electronics,Laptop,Enugu,5,203816,1019080,2024,2,<bound method PandasDelegate._add_delegate_accessors.<locals>._create_delegator_method.<locals>.f of <pandas.core.indexes.accessors.DatetimeProperties object at 0x000001F3106A2900>>,VIP
CUST157196,ORD0004948,2021-06-27,Electronics,Tablet,Ibadan,1,70181,70181,2021,6,<bound method PandasDelegate._add_delegate_accessors.<locals>._create_delegator_method.<locals>.f of <pandas.core.indexes.accessors.DatetimeProperties object at 0x000001F3106A2900>>,Low
CUST036107,ORD0052217,2022-11-19,Home Appliances,Sneakers,Kano,3,100322,300966,2022,11,<bound method PandasDelegate._add_delegate_accessors.<locals>._create_delegator_method.<locals>.f of <pandas.core.indexes.accessors.DatetimeProperties object at 0x000001F3106A2900>>,Mid
CUST215959,ORD0017315,2021-07-25,Fashion,Laptop,Ibadan,5,43957,219785,2021,7,<bound method PandasDelegate._add_delegate_accessors.<locals>._create_delegator_method.<locals>.f of <pandas.core.indexes.accessors.DatetimeProperties object at 0x000001F3106A2900>>,Mid
CUST101983,ORD0011100,2025-06-10,Fashion,Smartphone,Abuja,1,278785,278785,2025,6,<bound method PandasDelegate._add_delegate_accessors.<locals>._create_delegator_method.<locals>.f of <pandas.core.indexes.accessors.DatetimeProperties object at 0x000001F3106A2900>>,Mid
CUST117442,ORD0023016,2022-11-21,Home Appliances,Printer,Lagos,1,89287,89287,2022,11,<bound method PandasDelegate._add_delegate_accessors.<locals>._create_delegator_method.<locals>.f of <pandas.core.indexes.accessors.DatetimeProperties object at 0x000001F3106A2900>>,Low
CUST096465,ORD0086915,2021-09-28,Fashion,Printer,Ibadan,2,110432,220864,2021,9,<bound method PandasDelegate._add_delegate_accessors.<locals>._create_delegator_method.<locals>.f of <pandas.core.indexes.accessors.DatetimeProperties object at 0x000001F3106A2900>>,Mid
CUST098952,ORD0057083,2024-11-01,Fashion,Tablet,Ibadan,3,121941,365823,2024,11,<bound method PandasDelegate._add_delegate_accessors.<locals>._create_delegator_method.<locals>.f of <pandas.core.indexes.accessors.DatetimeProperties object at 0x000001F3106A2900>>,Mid
CUST073066,ORD0097421,2025-06-30,Office Supplies,Smartphone,Kano,5,286798,1433990,2025,6,<bound method PandasDelegate._add_delegate_accessors.<locals>._create_delegator_method.<locals>.f of <pandas.core.indexes.accessors.DatetimeProperties object at 0x000001F3106A2900>>,VIP
CUST169066,ORD0051187,2025-01-23,Electronics,Tablet,Ibadan,2,275950,551900,2025,1,<bound method PandasDelegate._add_delegate_accessors.<locals>._create_delegator_method.<locals>.f of <pandas.core.indexes.accessors.DatetimeProperties object at 0x000001F3106A2900>>,High
CUST286641,ORD0011833,2025-04-12,Home Appliances,Desk,Ibadan,5,198053,990265,2025,4,<bound method PandasDelegate._add_delegate_accessors.<locals>._create_delegator_method.<locals>.f of <pandas.core.indexes.accessors.DatetimeProperties object at 0x000001F3106A2900>>,VIP
CUST166859,ORD0094976,2022-10-04,Home Appliances,Laptop,Port Harcourt,3,248608,745824,2022,10,<bound method PandasDelegate._add_delegate_accessors.<locals>._create_delegator_method.<locals>.f of <pandas.core.indexes.accessors.DatetimeProperties object at 0x000001F3106A2900>>,High
CUST275900,ORD0033824,2024-07-27,Home Appliances,Printer,Kano,3,286133,858399,2024,7,<bound method PandasDelegate._add_delegate_accessors.<locals>._create_delegator_method.<locals>.f of <pandas.core.indexes.accessors.DatetimeProperties object at 0x000001F3106A2900>>,VIP
CUST072673,ORD0024845,2022-03-22,Office Supplies,Printer,Kano,3,197839,593517,2022,3,<bound method PandasDelegate._add_delegate_accessors.<locals>._create_delegator_method.<locals>.f of <pandas.core.indexes.accessors.DatetimeProperties object at 0x000001F3106A2900>>,VIP
CUST246213,ORD0050359,2023-01-24,Home Appliances,Tablet,Enugu,1,26115,26115,2023,1,<bound method PandasDelegate._add_delegate_accessors.<locals>._create_delegator_method.<locals>.f of <pandas.core.indexes.accessors.DatetimeProperties object at 0x000001F3106A2900>>,Low
CUST286283,ORD0097606,2023-11-01,Home Appliances,Desk,Lagos,3,150100,450300,2023,11,<bound method PandasDelegate._add_delegate_accessors.<locals>._create_delegator_method.<locals>.f of <pandas.core.indexes.accessors.DatetimeProperties object at 0x000001F3106A2900>>,High
CUST251839,ORD0096572,2023-08-25,Office Supplies,Desk,Abuja,3,270421,811263,2023,8,<bound method PandasDelegate._add_delegate_accessors.<locals>._create_delegator_method.<locals>.f of <pandas.core.indexes.accessors.DatetimeProperties object at 0x000001F3106A2900>>,VIP
CUST026568,ORD0011825,2024-04-06,Electronics,Smartphone,Ibadan,2,6550,13100,2024,4,<bound method PandasDelegate._add_delegate_accessors.<locals>._create_delegator_method.<locals>.f of <pandas.core.indexes.accessors.DatetimeProperties object at 0x000001F3106A2900>>,Low
CUST177507,ORD0065545,2024-10-14,Home Appliances,Smartphone,Kano,5,219350,1096750,2024,10,<bound method PandasDelegate._add_delegate_accessors.<locals>._create_delegator_method.<locals>.f of <pandas.core.indexes.accessors.DatetimeProperties object at 0x000001F3106A2900>>,VIP
CUST065858,ORD0063865,2025-01-14,Office Supplies,Smartphone,Kano,2,248933,497866,2025,1,<bound method PandasDelegate._add_delegate_accessors.<locals>._create_delegator_method.<locals>.f of <pandas.core.indexes.accessors.DatetimeProperties object at 0x000001F3106A2900>>,High
CUST114528,ORD0021995,2024-12-24,Office Supplies,Laptop,Lagos,4,252141,1008564,2024,12,<bound method PandasDelegate._add_delegate_accessors.<locals>._create_delegator_method.<locals>.f of <pandas.core.indexes.accessors.DatetimeProperties object at 0x000001F3106A2900>>,VIP
CUST275728,ORD0030552,2024-03-05,Electronics,Blender,Abuja,2,6204,12408,2024,3,<bound method PandasDelegate._add_delegate_accessors.<locals>._create_delegator_method.<locals>.f of <pandas.core.indexes.accessors.DatetimeProperties object at 0x000001F3106A2900>>,VIP
CUST241208,ORD0012443,2023-08-13,Home Appliances,Laptop,Kano,1,164732,164732,2023,8,<bound method PandasDelegate._add_delegate_accessors.<locals>._create_delegator_method.<locals>.f of <pandas.core.indexes.accessors.DatetimeProperties object at 0x000001F3106A2900>>,Low
CUST126436,ORD0074271,2024-03-22,Office Supplies,Desk,Ibadan,5,29007,145035,2024,3,<bound method PandasDelegate._add_delegate_accessors.<locals>._create_delegator_method.<locals>.f of <pandas.core.indexes.accessors.DatetimeProperties object at 0x000001F3106A2900>>,Mid
CUST026001,ORD0018619,2023-06-20,Electronics,Blender,Enugu,2,239528,479056,2023,6,<bound method PandasDelegate._add_delegate_accessors.<locals>._create_delegator_method.<locals>.f of <pandas.core.indexes.accessors.DatetimeProperties object at 0x000001F3106A2900>>,High
CUST092824,ORD0057458,2021-08-19,Office Supplies,Smartphone,Ibadan,5,149691,748455,2021,8,<bound method PandasDelegate._add_delegate_accessors.<locals>._create_delegator_method.<locals>.f of <pandas.core.indexes.accessors.DatetimeProperties object at 0x000001F3106A2900>>,High
CUST075172,ORD0029803,2024-02-10,Office Supplies,Smartphone,Lagos,2,105978,211956,2024,2,<bound method PandasDelegate._add_delegate_accessors.<locals>._create_delegator_method.<locals>.f of <pandas.core.indexes.accessors.DatetimeProperties object at 0x000001F3106A2900>>,VIP
CUST004925,ORD0083641,2023-05-03,Electronics,Smartphone,Abuja,3,80861,242583,2023,5,<bound method PandasDelegate._add_delegate_accessors.<locals>._create_delegator_method.<locals>.f of <pandas.core.indexes.accessors.DatetimeProperties object at 0x000001F3106A2900>>,Mid
CUST125615,ORD0080944,2024-12-19,Home Appliances,Blender,Enugu,1,72499,72499,2024,12,<bound method PandasDelegate._add_delegate_accessors.<locals>._create_delegator_method.<locals>.f of <pandas.core.indexes.accessors.DatetimeProperties object at 0x000001F3106A2900>>,Low
CUST216833,ORD0065348,2021-05-03,Electronics,Blender,Lagos,2,295760,591520,2021,5,<bound method PandasDelegate._add_delegate_accessors.<locals>._create_delegator_method.<locals>.f of <pandas.core.indexes.accessors.DatetimeProperties object at 0x000001F3106A2900>>,High
CUST272647,ORD0047083,2023-09-30,Office Supplies,Laptop,Lagos,4,146525,586100,2023,9,<bound method PandasDelegate._add_delegate_accessors.<locals>._create_delegator_method.<locals>.f of <pandas.core.indexes.accessors.DatetimeProperties object at 0x000001F3106A2900>>,High
CUST156264,ORD0041303,2021-07-28,Office Supplies,Printer,Ibadan,5,169221,846105,2021,7,<bound method PandasDelegate._add_delegate_accessors.<locals>._create_delegator_method.<locals>.f of <pandas.core.indexes.accessors.DatetimeProperties object at 0x000001F3106A2900>>,VIP
CUST245994,ORD0007160,2022-06-04,Fashion,Printer,Enugu,4,142531,570124,2022,6,<bound method PandasDelegate._add_delegate_accessors.<locals>._create_delegator_method.<locals>.f of <pandas.core.indexes.accessors.DatetimeProperties object at 0x000001F3106A2900>>,High
CUST169332,ORD0074671,2021-02-12,Electronics,Desk,Ibadan,5,129738,648690,2021,2,<bound method PandasDelegate._add_delegate_accessors.<locals>._create_delegator_method.<locals>.f of <pandas.core.indexes.accessors.DatetimeProperties object at 0x000001F3106A2900>>,VIP
CUST251348,ORD0051540,2023-08-16,Home Appliances,Tablet,Ibadan,2,127631,255262,2023,8,<bound method PandasDelegate._add_delegate_accessors.<locals>._create_delegator_method.<locals>.f of <pandas.core.indexes.accessors.DatetimeProperties object at 0x000001F3106A2900>>,Mid
CUST212913,ORD0037684,2022-10-08,Fashion,Tablet,Abuja,1,100820,100820,2022,10,<bound method PandasDelegate._add_delegate_accessors.<locals>._create_delegator_method.<locals>.f of <pandas.core.indexes.accessors.DatetimeProperties object at 0x000001F3106A2900>>,High
CUST208142,ORD0062072,2022-06-11,Office Supplies,Desk,Rivers,3,236998,710994,2022,6,<bound method PandasDelegate._add_delegate_accessors.<locals>._create_delegator_method.<locals>.f of <pandas.core.indexes.accessors.DatetimeProperties object at 0x000001F3106A2900>>,High
CUST250171,ORD0051966,2024-09-18,Fashion,Smartphone,Port Harcourt,1,146244,146244,2024,9,<bound method PandasDelegate._add_delegate_accessors.<locals>._create_delegator_method.<locals>.f of <pandas.core.indexes.accessors.DatetimeProperties object at 0x000001F3106A2900>>,Low
CUST298374,ORD0069161,2023-02-19,Office Supplies,Desk,Abuja,2,169172,338344,2023,2,<bound method PandasDelegate._add_delegate_accessors.<locals>._create_delegator_method.<locals>.f of <pandas.core.indexes.accessors.DatetimeProperties object at 0x000001F3106A2900>>,High
CUST296427,ORD0084377,2024-01-20,Fashion,Desk,Kano,5,51938,259690,2024,1,<bound method PandasDelegate._add_delegate_accessors.<locals>._create_delegator_method.<locals>.f of <pandas.core.indexes.accessors.DatetimeProperties object at 0x000001F3106A2900>>,Mid
CUST101819,ORD0086231,2022-10-12,Office Supplies,Printer,Lagos,1,257920,257920,2022,10,<bound method PandasDelegate._add_delegate_accessors.<locals>._create_delegator_method.<locals>.f of <pandas.core.indexes.accessors.DatetimeProperties object at 0x000001F3106A2900>>,VIP
CUST013908,ORD0089078,2024-10-10,Fashion,Tablet,Port Harcourt,3,155986,467958,2024,10,<bound method PandasDelegate._add_delegate_accessors.<locals>._create_delegator_method.<locals>.f of <pandas.core.indexes.accessors.DatetimeProperties object at 0x000001F3106A2900>>,High
CUST207246,ORD0091057,2023-02-01,Fashion,Smartphone,Enugu,1,209563,209563,2023,2,<bound method PandasDelegate._add_delegate_accessors.<locals>._create_delegator_method.<locals>.f of <pandas.core.indexes.accessors.DatetimeProperties object at 0x000001F3106A2900>>,Mid
CUST256233,ORD0075565,2025-04-02,Office Supplies,Blender,Enugu,4,40094,160376,2025,4,<bound method PandasDelegate._add_delegate_accessors.<locals>._create_delegator_method.<locals>.f of <pandas.core.indexes.accessors.DatetimeProperties object at 0x000001F3106A2900>>,Mid
CUST268632,ORD0025768,2021-04-16,Office Supplies,Sneakers,Enugu,2,209449,418898,2021,4,<bound method PandasDelegate._add_delegate_accessors.<locals>._create_delegator_method.<locals>.f of <pandas.core.indexes.accessors.DatetimeProperties object at 0x000001F3106A2900>>,Mid
CUST007410,ORD0096960,2022-04-11,Office Supplies,Blender,Enugu,5,129902,649510,2022,4,<bound method PandasDelegate._add_delegate_accessors.<locals>._create_delegator_method.<locals>.f of <pandas.core.indexes.accessors.DatetimeProperties object at 0x000001F3106A2900>>,High
CUST295269,ORD0087113,2021-01-10,Electronics,Smartphone,Lagos,1,16402,16402,2021,1,<bound method PandasDelegate._add_delegate_accessors.<locals>._create_delegator_method.<locals>.f of <pandas.core.indexes.accessors.DatetimeProperties object at 0x000001F3106A2900>>,VIP
CUST259540,ORD0039509,2024-11-11,Office Supplies,Tablet,Kano,2,235765,471530,2024,11,<bound method PandasDelegate._add_delegate_accessors.<locals>._create_delegator_method.<locals>.f of <pandas.core.indexes.accessors.DatetimeProperties object at 0x000001F3106A2900>>,High
CUST223804,ORD0041237,2021-06-16,Home Appliances,Sneakers,Kano,4,128220,512880,2021,6,<bound method PandasDelegate._add_delegate_accessors.<locals>._create_delegator_method.<locals>.f of <pandas.core.indexes.accessors.DatetimeProperties object at 0x000001F3106A2900>>,High
CUST137246,ORD0023940,2024-07-18,Electronics,Smartphone,Enugu,3,259789,779367,2024,7,<bound method PandasDelegate._add_delegate_accessors.<locals>._create_delegator_method.<locals>.f of <pandas.core.indexes.accessors.DatetimeProperties object at 0x000001F3106A2900>>,High
CUST165025,ORD0013300,2025-11-23,Office Supplies,Tablet,Ibadan,5,173948,869740,2025,11,<bound method PandasDelegate._add_delegate_accessors.<locals>._create_delegator_method.<locals>.f of <pandas.core.indexes.accessors.DatetimeProperties object at 0x000001F3106A2900>>,VIP
CUST170939,ORD0041607,2021-08-02,Office Supplies,Laptop,Abuja,1,238987,238987,2021,8,<bound method PandasDelegate._add_delegate_accessors.<locals>._create_delegator_method.<locals>.f of <pandas.core.indexes.accessors.DatetimeProperties object at 0x000001F3106A2900>>,Mid
CUST223043,ORD0070230,2024-04-23,Home Appliances,Smartphone,Lagos,3,94004,282012,2024,4,<bound method PandasDelegate._add_delegate_accessors.<locals>._create_delegator_method.<locals>.f of <pandas.core.indexes.accessors.DatetimeProperties object at 0x000001F3106A2900>>,High
CUST296027,ORD0060872,2023-09-14,Fashion,Tablet,Abuja,5,264855,1324275,2023,9,<bound method PandasDelegate._add_delegate_accessors.<locals>._create_delegator_method.<locals>.f of <pandas.core.indexes.accessors.DatetimeProperties object at 0x000001F3106A2900>>,VIP
CUST038766,ORD0000645,2021-05-22,Home Appliances,Tablet,Kano,2,281891,563782,2021,5,<bound method PandasDelegate._add_delegate_accessors.<locals>._create_delegator_method.<locals>.f of <pandas.core.indexes.accessors.DatetimeProperties object at 0x000001F3106A2900>>,VIP
CUST195153,ORD0053540,2022-09-10,Home Appliances,Blender,Abuja,4,227192,908768,2022,9,<bound method PandasDelegate._add_delegate_accessors.<locals>._create_delegator_method.<locals>.f of <pandas.core.indexes.accessors.DatetimeProperties object at 0x000001F3106A2900>>,VIP
CUST148840,ORD0029171,2024-12-29,Home Appliances,Laptop,Ibadan,3,221471,664413,2024,12,<bound method PandasDelegate._add_delegate_accessors.<locals>._create_delegator_method.<locals>.f of <pandas.core.indexes.accessors.DatetimeProperties object at 0x000001F3106A2900>>,High
CUST255384,ORD0053900,2022-05-19,Home Appliances,Blender,Rivers,2,165071,330142,2022,5,<bound method PandasDelegate._add_delegate_accessors.<locals>._create_delegator_method.<locals>.f of <pandas.core.indexes.accessors.DatetimeProperties object at 0x000001F3106A2900>>,High
CUST297922,ORD0000306,2021-02-13,Home Appliances,Blender,Lagos,5,181326,906630,2021,2,<bound method PandasDelegate._add_delegate_accessors.<locals>._create_delegator_method.<locals>.f of <pandas.core.indexes.accessors.DatetimeProperties object at 0x000001F3106A2900>>,VIP
CUST261108,ORD0048480,2025-09-15,Electronics,Smartphone,Enugu,2,98060,196120,2025,9,<bound method PandasDelegate._add_delegate_accessors.<locals>._create_delegator_method.<locals>.f of <pandas.core.indexes.accessors.DatetimeProperties object at 0x000001F3106A2900>>,Low
CUST215272,ORD0084412,2023-09-04,Office Supplies,Smartphone,Ibadan,3,220125,660375,2023,9,<bound method PandasDelegate._add_delegate_accessors.<locals>._create_delegator_method.<locals>.f of <pandas.core.indexes.accessors.DatetimeProperties object at 0x000001F3106A2900>>,High
CUST061273,ORD0001594,2021-12-06,Electronics,Smartphone,Abuja,3,43679,131037,2021,12,<bound method PandasDelegate._add_delegate_accessors.<locals>._create_delegator_method.<locals>.f of <pandas.core.indexes.accessors.DatetimeProperties object at 0x000001F3106A2900>>,Low
CUST298586,ORD0060430,2025-03-11,Home Appliances,Smartphone,Rivers,5,180509,902545,2025,3,<bound method PandasDelegate._add_delegate_accessors.<locals>._create_delegator_method.<locals>.f of <pandas.core.indexes.accessors.DatetimeProperties object at 0x000001F3106A2900>>,VIP
CUST024938,ORD0092515,2021-12-30,Office Supplies,Printer,Rivers,4,114649,458596,2021,12,<bound method PandasDelegate._add_delegate_accessors.<locals>._create_delegator_method.<locals>.f of <pandas.core.indexes.accessors.DatetimeProperties object at 0x000001F3106A2900>>,High
CUST221371,ORD0009737,2023-07-30,Fashion,Smartphone,Rivers,4,212107,848428,2023,7,<bound method PandasDelegate._add_delegate_accessors.<locals>._create_delegator_method.<locals>.f of <pandas.core.indexes.accessors.DatetimeProperties object at 0x000001F3106A2900>>,VIP
CUST234544,ORD0036745,2021-08-31,Office Supplies,Laptop,Port Harcourt,3,287259,861777,2021,8,<bound method PandasDelegate._add_delegate_accessors.<locals>._create_delegator_method.<locals>.f of <pandas.core.indexes.accessors.DatetimeProperties object at 0x000001F3106A2900>>,VIP
CUST256850,ORD0099566,2025-03-22,Fashion,Smartphone,Rivers,1,227023,227023,2025,3,<bound method PandasDelegate._add_delegate_accessors.<locals>._create_delegator_method.<locals>.f of <pandas.core.indexes.accessors.DatetimeProperties object at 0x000001F3106A2900>>,Mid
CUST007151,ORD0040924,2025-05-03,Electronics,Blender,Abuja,5,36226,181130,2025,5,<bound method PandasDelegate._add_delegate_accessors.<locals>._create_delegator_method.<locals>.f of <pandas.core.indexes.accessors.DatetimeProperties object at 0x000001F3106A2900>>,Low
CUST153641,ORD0053499,2024-01-27,Fashion,Laptop,Enugu,3,110202,330606,2024,1,<bound method PandasDelegate._add_delegate_accessors.<locals>._create_delegator_method.<locals>.f of <pandas.core.indexes.accessors.DatetimeProperties object at 0x000001F3106A2900>>,Mid
CUST003749,ORD0003909,2023-04-03,Fashion,Tablet,Rivers,1,215257,215257,2023,4,<bound method PandasDelegate._add_delegate_accessors.<locals>._create_delegator_method.<locals>.f of <pandas.core.indexes.accessors.DatetimeProperties object at 0x000001F3106A2900>>,VIP
CUST034832,ORD0006525,2021-05-11,Office Supplies,Desk,Rivers,5,186816,934080,2021,5,<bound method PandasDelegate._add_delegate_accessors.<locals>._create_delegator_method.<locals>.f of <pandas.core.indexes.accessors.DatetimeProperties object at 0x000001F3106A2900>>,VIP
CUST258986,ORD0036072,2024-01-14,Office Supplies,Printer,Port Harcourt,1,200789,200789,2024,1,<bound method PandasDelegate._add_delegate_accessors.<locals>._create_delegator_method.<locals>.f of <pandas.core.indexes.accessors.DatetimeProperties object at 0x000001F3106A2900>>,Mid
CUST022717,ORD0075871,2023-10-13,Fashion,Tablet,Ibadan,2,154721,309442,2023,10,<bound method PandasDelegate._add_delegate_accessors.<locals>._create_delegator_method.<locals>.f of <pandas.core.indexes.accessors.DatetimeProperties object at 0x000001F3106A2900>>,VIP
CUST065712,ORD0017996,2021-11-22,Electronics,Sneakers,Lagos,2,277547,555094,2021,11,<bound method PandasDelegate._add_delegate_accessors.<locals>._create_delegator_method.<locals>.f of <pandas.core.indexes.accessors.DatetimeProperties object at 0x000001F3106A2900>>,High
CUST259247,ORD0025273,2021-12-09,Home Appliances,Smartphone,Abuja,2,268680,537360,2021,12,<bound method PandasDelegate._add_delegate_accessors.<locals>._create_delegator_method.<locals>.f of <pandas.core.indexes.accessors.DatetimeProperties object at 0x000001F3106A2900>>,High
CUST082750,ORD0090620,2024-02-16,Home Appliances,Smartphone,Lagos,2,64322,128644,2024,2,<bound method PandasDelegate._add_delegate_accessors.<locals>._create_delegator_method.<locals>.f of <pandas.core.indexes.accessors.DatetimeProperties object at 0x000001F3106A2900>>,Low
CUST203668,ORD0069825,2023-04-19,Office Supplies,Tablet,Ibadan,2,280310,560620,2023,4,<bound method PandasDelegate._add_delegate_accessors.<locals>._create_delegator_method.<locals>.f of <pandas.core.indexes.accessors.DatetimeProperties object at 0x000001F3106A2900>>,VIP
CUST267827,ORD0032851,2023-01-27,Electronics,Sneakers,Ibadan,3,68203,204609,2023,1,<bound method PandasDelegate._add_delegate_accessors.<locals>._create_delegator_method.<locals>.f of <pandas.core.indexes.accessors.DatetimeProperties object at 0x000001F3106A2900>>,Mid
CUST090634,ORD0030626,2025-12-17,Office Supplies,Laptop,Port Harcourt,2,91171,182342,2025,12,<bound method PandasDelegate._add_delegate_accessors.<locals>._create_delegator_method.<locals>.f of <pandas.core.indexes.accessors.DatetimeProperties object at 0x000001F3106A2900>>,Low
CUST087500,ORD0075786,2021-04-11,Electronics,Tablet,Abuja,3,157058,471174,2021,4,<bound method PandasDelegate._add_delegate_accessors.<locals>._create_delegator_method.<locals>.f of <pandas.core.indexes.accessors.DatetimeProperties object at 0x000001F3106A2900>>,High
CUST116643,ORD0094496,2021-08-31,Office Supplies,Smartphone,Ibadan,3,71790,215370,2021,8,<bound method PandasDelegate._add_delegate_accessors.<locals>._create_delegator_method.<locals>.f of <pandas.core.indexes.accessors.DatetimeProperties object at 0x000001F3106A2900>>,Mid
CUST154970,ORD0014829,2022-07-25,Electronics,Smartphone,Rivers,2,250841,501682,2022,7,<bound method PandasDelegate._add_delegate_accessors.<locals>._create_delegator_method.<locals>.f of <pandas.core.indexes.accessors.DatetimeProperties object at 0x000001F3106A2900>>,High
CUST247987,ORD0072681,2022-05-05,Electronics,Sneakers,Abuja,1,242038,242038,2022,5,<bound method PandasDelegate._add_delegate_accessors.<locals>._create_delegator_method.<locals>.f of <pandas.core.indexes.accessors.DatetimeProperties object at 0x000001F3106A2900>>,Mid
CUST176416,ORD0055711,2024-08-19,Fashion,Blender,Enugu,3,166826,500478,2024,8,<bound method PandasDelegate._add_delegate_accessors.<locals>._create_delegator_method.<locals>.f of <pandas.core.indexes.accessors.DatetimeProperties object at 0x000001F3106A2900>>,High
CUST064986,ORD0088342,2024-10-27,Home Appliances,Smartphone,Kano,4,273553,1094212,2024,10,<bound method PandasDelegate._add_delegate_accessors.<locals>._create_delegator_method.<locals>.f of <pandas.core.indexes.accessors.DatetimeProperties object at 0x000001F3106A2900>>,VIP
CUST131740,ORD0049934,2022-11-02,Home Appliances,Desk,Port Harcourt,4,21910,87640,2022,11,<bound method PandasDelegate._add_delegate_accessors.<locals>._create_delegator_method.<locals>.f of <pandas.core.indexes.accessors.DatetimeProperties object at 0x000001F3106A2900>>,High
CUST285490,ORD0035095,2024-12-12,Electronics,Blender,Port Harcourt,5,241820,1209100,2024,12,<bound method PandasDelegate._add_delegate_accessors.<locals>._create_delegator_method.<locals>.f of <pandas.core.indexes.accessors.DatetimeProperties object at 0x000001F3106A2900>>,VIP
CUST276409,ORD0049489,2025-04-10,Office Supplies,Desk,Abuja,2,150562,301124,2025,4,<bound method PandasDelegate._add_delegate_accessors.<locals>._create_delegator_method.<locals>.f of <pandas.core.indexes.accessors.DatetimeProperties object at 0x000001F3106A2900>>,Mid
CUST239508,ORD0075650,2023-02-26,Electronics,Blender,Abuja,4,42781,171124,2023,2,<bound method PandasDelegate._add_delegate_accessors.<locals>._create_delegator_method.<locals>.f of <pandas.core.indexes.accessors.DatetimeProperties object at 0x000001F3106A2900>>,Low
CUST240549,ORD0053217,2023-02-02,Fashion,Printer,Kano,2,203366,406732,2023,2,<bound method PandasDelegate._add_delegate_accessors.<locals>._create_delegator_method.<locals>.f of <pandas.core.indexes.accessors.DatetimeProperties object at 0x000001F3106A2900>>,VIP
CUST211187,ORD0056383,2025-06-18,Home Appliances,Desk,Enugu,2,54528,109056,2025,6,<bound method PandasDelegate._add_delegate_accessors.<locals>._create_delegator_method.<locals>.f of <pandas.core.indexes.accessors.DatetimeProperties object at 0x000001F3106A2900>>,Low
CUST100790,ORD0040313,2022-07-26,Home Appliances,Desk,Abuja,4,131025,524100,2022,7,<bound method PandasDelegate._add_delegate_accessors.<locals>._create_delegator_method.<locals>.f of <pandas.core.indexes.accessors.DatetimeProperties object at 0x000001F3106A2900>>,High
CUST032475,ORD0063779,2024-07-19,Office Supplies,Desk,Abuja,5,287175,1435875,2024,7,<bound method PandasDelegate._add_delegate_accessors.<locals>._create_delegator_method.<locals>.f of <pandas.core.indexes.accessors.DatetimeProperties object at 0x000001F3106A2900>>,VIP
CUST049431,ORD0032540,2022-06-06,Electronics,Tablet,Ibadan,2,213102,426204,2022,6,<bound method PandasDelegate._add_delegate_accessors.<locals>._create_delegator_method.<locals>.f of <pandas.core.indexes.accessors.DatetimeProperties object at 0x000001F3106A2900>>,Mid
CUST030100,ORD0003324,2023-12-22,Fashion,Sneakers,Rivers,2,236282,472564,2023,12,<bound method PandasDelegate._add_delegate_accessors.<locals>._create_delegator_method.<locals>.f of <pandas.core.indexes.accessors.DatetimeProperties object at 0x000001F3106A2900>>,High
CUST133637,ORD0064971,2025-08-28,Office Supplies,Printer,Enugu,1,56807,56807,2025,8,<bound method PandasDelegate._add_delegate_accessors.<locals>._create_delegator_method.<locals>.f of <pandas.core.indexes.accessors.DatetimeProperties object at 0x000001F3106A2900>>,Low
CUST007887,ORD0060979,2024-10-16,Electronics,Desk,Ibadan,4,222289,889156,2024,10,<bound method PandasDelegate._add_delegate_accessors.<locals>._create_delegator_method.<locals>.f of <pandas.core.indexes.accessors.DatetimeProperties object at 0x000001F3106A2900>>,VIP
CUST076864,ORD0053557,2024-06-22,Home Appliances,Sneakers,Enugu,2,73004,146008,2024,6,<bound method PandasDelegate._add_delegate_accessors.<locals>._create_delegator_method.<locals>.f of <pandas.core.indexes.accessors.DatetimeProperties object at 0x000001F3106A2900>>,Low
CUST296667,ORD0078568,2023-11-01,Fashion,Desk,Kano,2,68346,136692,2023,11,<bound method PandasDelegate._add_delegate_accessors.<locals>._create_delegator_method.<locals>.f of <pandas.core.indexes.accessors.DatetimeProperties object at 0x000001F3106A2900>>,Low
CUST154935,ORD0004585,2023-01-24,Home Appliances,Sneakers,Ibadan,5,124530,622650,2023,1,<bound method PandasDelegate._add_delegate_accessors.<locals>._create_delegator_method.<locals>.f of <pandas.core.indexes.accessors.DatetimeProperties object at 0x000001F3106A2900>>,High
CUST144669,ORD0074137,2025-08-03,Electronics,Smartphone,Ibadan,4,204803,819212,2025,8,<bound method PandasDelegate._add_delegate_accessors.<locals>._create_delegator_method.<locals>.f of <pandas.core.indexes.accessors.DatetimeProperties object at 0x000001F3106A2900>>,VIP
CUST043377,ORD0061373,2023-03-12,Fashion,Printer,Port Harcourt,5,9353,46765,2023,3,<bound method PandasDelegate._add_delegate_accessors.<locals>._create_delegator_method.<locals>.f of <pandas.core.indexes.accessors.DatetimeProperties object at 0x000001F3106A2900>>,Low
CUST067397,ORD0009832,2023-07-04,Home Appliances,Blender,Abuja,5,196891,984455,2023,7,<bound method PandasDelegate._add_delegate_accessors.<locals>._create_delegator_method.<locals>.f of <pandas.core.indexes.accessors.DatetimeProperties object at 0x000001F3106A2900>>,VIP
CUST223854,ORD0017814,2021-07-05,Electronics,Printer,Enugu,4,134318,537272,2021,7,<bound method PandasDelegate._add_delegate_accessors.<locals>._create_delegator_method.<locals>.f of <pandas.core.indexes.accessors.DatetimeProperties object at 0x000001F3106A2900>>,High
CUST280445,ORD0005485,2025-11-28,Home Appliances,Sneakers,Ibadan,4,226472,905888,2025,11,<bound method PandasDelegate._add_delegate_accessors.<locals>._create_delegator_method.<locals>.f of <pandas.core.indexes.accessors.DatetimeProperties object at 0x000001F3106A2900>>,VIP
CUST295563,ORD0078586,2024-10-16,Office Supplies,Desk,Ibadan,4,127586,510344,2024,10,<bound method PandasDelegate._add_delegate_accessors.<locals>._create_delegator_method.<locals>.f of <pandas.core.indexes.accessors.DatetimeProperties object at 0x000001F3106A2900>>,High
CUST187966,ORD0008177,2025-06-18,Home Appliances,Printer,Port Harcourt,3,22098,66294,2025,6,<bound method PandasDelegate._add_delegate_accessors.<locals>._create_delegator_method.<locals>.f of <pandas.core.indexes.accessors.DatetimeProperties object at 0x000001F3106A2900>>,Low
CUST230805,ORD0017650,2023-10-05,Fashion,Sneakers,Rivers,1,147045,147045,2023,10,<bound method PandasDelegate._add_delegate_accessors.<locals>._create_delegator_method.<locals>.f of <pandas.core.indexes.accessors.DatetimeProperties object at 0x000001F3106A2900>>,Low
CUST073433,ORD0056395,2024-12-14,Home Appliances,Smartphone,Ibadan,2,105223,210446,2024,12,<bound method PandasDelegate._add_delegate_accessors.<locals>._create_delegator_method.<locals>.f of <pandas.core.indexes.accessors.DatetimeProperties object at 0x000001F3106A2900>>,Mid
CUST215700,ORD0099911,2023-01-21,Electronics,Smartphone,Enugu,3,226703,680109,2023,1,<bound method PandasDelegate._add_delegate_accessors.<locals>._create_delegator_method.<locals>.f of <pandas.core.indexes.accessors.DatetimeProperties object at 0x000001F3106A2900>>,High
CUST087696,ORD0009470,2023-08-12,Office Supplies,Printer,Lagos,2,220287,440574,2023,8,<bound method PandasDelegate._add_delegate_accessors.<locals>._create_delegator_method.<locals>.f of <pandas.core.indexes.accessors.DatetimeProperties object at 0x000001F3106A2900>>,High
CUST189244,ORD0014460,2022-01-31,Fashion,Tablet,Lagos,3,168878,506634,2022,1,<bound method PandasDelegate._add_delegate_accessors.<locals>._create_delegator_method.<locals>.f of <pandas.core.indexes.accessors.DatetimeProperties object at 0x000001F3106A2900>>,High
CUST284292,ORD0069357,2025-05-21,Fashion,Printer,Abuja,1,94130,94130,2025,5,<bound method PandasDelegate._add_delegate_accessors.<locals>._create_delegator_method.<locals>.f of <pandas.core.indexes.accessors.DatetimeProperties object at 0x000001F3106A2900>>,Low
CUST125735,ORD0093947,2024-04-20,Home Appliances,Laptop,Rivers,3,27600,82800,2024,4,<bound method PandasDelegate._add_delegate_accessors.<locals>._create_delegator_method.<locals>.f of <pandas.core.indexes.accessors.DatetimeProperties object at 0x000001F3106A2900>>,Mid
CUST048381,ORD0007902,2021-11-08,Fashion,Desk,Rivers,4,138776,555104,2021,11,<bound method PandasDelegate._add_delegate_accessors.<locals>._create_delegator_method.<locals>.f of <pandas.core.indexes.accessors.DatetimeProperties object at 0x000001F3106A2900>>,High
CUST212859,ORD0072992,2022-05-20,Home Appliances,Tablet,Kano,4,145967,583868,2022,5,<bound method PandasDelegate._add_delegate_accessors.<locals>._create_delegator_method.<locals>.f of <pandas.core.indexes.accessors.DatetimeProperties object at 0x000001F3106A2900>>,High
CUST176202,ORD0031523,2023-01-03,Electronics,Smartphone,Abuja,4,86032,344128,2023,1,<bound method PandasDelegate._add_delegate_accessors.<locals>._create_delegator_method.<locals>.f of <pandas.core.indexes.accessors.DatetimeProperties object at 0x000001F3106A2900>>,High
CUST281076,ORD0004166,2021-05-02,Home Appliances,Sneakers,Rivers,1,87042,87042,2021,5,<bound method PandasDelegate._add_delegate_accessors.<locals>._create_delegator_method.<locals>.f of <pandas.core.indexes.accessors.DatetimeProperties object at 0x000001F3106A2900>>,Low
CUST000739,ORD0067295,2023-12-24,Electronics,Tablet,Kano,4,137538,550152,2023,12,<bound method PandasDelegate._add_delegate_accessors.<locals>._create_delegator_method.<locals>.f of <pandas.core.indexes.accessors.DatetimeProperties object at 0x000001F3106A2900>>,High
CUST202919,ORD0006194,2024-06-01,Electronics,Printer,Abuja,4,21776,87104,2024,6,<bound method PandasDelegate._add_delegate_accessors.<locals>._create_delegator_method.<locals>.f of <pandas.core.indexes.accessors.DatetimeProperties object at 0x000001F3106A2900>>,Low
CUST152763,ORD0030759,2023-12-30,Fashion,Blender,Rivers,3,240918,722754,2023,12,<bound method PandasDelegate._add_delegate_accessors.<locals>._create_delegator_method.<locals>.f of <pandas.core.indexes.accessors.DatetimeProperties object at 0x000001F3106A2900>>,High
CUST005052,ORD0027445,2022-07-21,Home Appliances,Sneakers,Rivers,5,226384,1131920,2022,7,<bound method PandasDelegate._add_delegate_accessors.<locals>._create_delegator_method.<locals>.f of <pandas.core.indexes.accessors.DatetimeProperties object at 0x000001F3106A2900>>,VIP
CUST040781,ORD0040585,2024-05-25,Home Appliances,Laptop,Enugu,1,230853,230853,2024,5,<bound method PandasDelegate._add_delegate_accessors.<locals>._create_delegator_method.<locals>.f of <pandas.core.indexes.accessors.DatetimeProperties object at 0x000001F3106A2900>>,Mid
CUST087815,ORD0094378,2025-03-01,Office Supplies,Tablet,Lagos,1,296028,296028,2025,3,<bound method PandasDelegate._add_delegate_accessors.<locals>._create_delegator_method.<locals>.f of <pandas.core.indexes.accessors.DatetimeProperties object at 0x000001F3106A2900>>,VIP
CUST054785,ORD0026063,2023-11-14,Home Appliances,Tablet,Rivers,5,196956,984780,2023,11,<bound method PandasDelegate._add_delegate_accessors.<locals>._create_delegator_method.<locals>.f of <pandas.core.indexes.accessors.DatetimeProperties object at 0x000001F3106A2900>>,VIP
CUST106091,ORD0098239,2023-05-21,Electronics,Sneakers,Kano,1,218165,218165,2023,5,<bound method PandasDelegate._add_delegate_accessors.<locals>._create_delegator_method.<locals>.f of <pandas.core.indexes.accessors.DatetimeProperties object at 0x000001F3106A2900>>,Mid
CUST233331,ORD0086396,2021-03-26,Fashion,Sneakers,Kano,5,271531,1357655,2021,3,<bound method PandasDelegate._add_delegate_accessors.<locals>._create_delegator_method.<locals>.f of <pandas.core.indexes.accessors.DatetimeProperties object at 0x000001F3106A2900>>,VIP
CUST010755,ORD0083676,2022-01-23,Electronics,Desk,Rivers,2,203830,407660,2022,1,<bound method PandasDelegate._add_delegate_accessors.<locals>._create_delegator_method.<locals>.f of <pandas.core.indexes.accessors.DatetimeProperties object at 0x000001F3106A2900>>,Mid
CUST019622,ORD0076975,2024-12-10,Fashion,Printer,Enugu,4,84637,338548,2024,12,<bound method PandasDelegate._add_delegate_accessors.<locals>._create_delegator_method.<locals>.f of <pandas.core.indexes.accessors.DatetimeProperties object at 0x000001F3106A2900>>,Mid
CUST256444,ORD0070022,2023-07-15,Office Supplies,Laptop,Abuja,2,193837,387674,2023,7,<bound method PandasDelegate._add_delegate_accessors.<locals>._create_delegator_method.<locals>.f of <pandas.core.indexes.accessors.DatetimeProperties object at 0x000001F3106A2900>>,Mid
CUST020589,ORD0034935,2024-09-02,Office Supplies,Blender,Port Harcourt,4,234177,936708,2024,9,<bound method PandasDelegate._add_delegate_accessors.<locals>._create_delegator_method.<locals>.f of <pandas.core.indexes.accessors.DatetimeProperties object at 0x000001F3106A2900>>,VIP
CUST145300,ORD0020266,2024-10-25,Fashion,Smartphone,Ibadan,4,45852,183408,2024,10,<bound method PandasDelegate._add_delegate_accessors.<locals>._create_delegator_method.<locals>.f of <pandas.core.indexes.accessors.DatetimeProperties object at 0x000001F3106A2900>>,Low
CUST227967,ORD0002348,2022-01-21,Home Appliances,Smartphone,Kano,4,280915,1123660,2022,1,<bound method PandasDelegate._add_delegate_accessors.<locals>._create_delegator_method.<locals>.f of <pandas.core.indexes.accessors.DatetimeProperties object at 0x000001F3106A2900>>,VIP
CUST005515,ORD0045643,2023-03-22,Home Appliances,Printer,Rivers,4,118335,473340,2023,3,<bound method PandasDelegate._add_delegate_accessors.<locals>._create_delegator_method.<locals>.f of <pandas.core.indexes.accessors.DatetimeProperties object at 0x000001F3106A2900>>,High
CUST072716,ORD0023611,2025-06-27,Electronics,Printer,Ibadan,5,78926,394630,2025,6,<bound method PandasDelegate._add_delegate_accessors.<locals>._create_delegator_method.<locals>.f of <pandas.core.indexes.accessors.DatetimeProperties object at 0x000001F3106A2900>>,VIP
CUST159797,ORD0029748,2021-09-04,Fashion,Printer,Enugu,1,33670,33670,2021,9,<bound method PandasDelegate._add_delegate_accessors.<locals>._create_delegator_method.<locals>.f of <pandas.core.indexes.accessors.DatetimeProperties object at 0x000001F3106A2900>>,Low
CUST197296,ORD0095810,2021-09-27,Office Supplies,Smartphone,Enugu,5,194650,973250,2021,9,<bound method PandasDelegate._add_delegate_accessors.<locals>._create_delegator_method.<locals>.f of <pandas.core.indexes.accessors.DatetimeProperties object at 0x000001F3106A2900>>,VIP
CUST051581,ORD0067905,2024-06-20,Electronics,Laptop,Kano,3,142186,426558,2024,6,<bound method PandasDelegate._add_delegate_accessors.<locals>._create_delegator_method.<locals>.f of <pandas.core.indexes.accessors.DatetimeProperties object at 0x000001F3106A2900>>,Mid
CUST114625,ORD0042077,2022-08-21,Electronics,Blender,Lagos,4,36703,146812,2022,8,<bound method PandasDelegate._add_delegate_accessors.<locals>._create_delegator_method.<locals>.f of <pandas.core.indexes.accessors.DatetimeProperties object at 0x000001F3106A2900>>,Low
CUST142433,ORD0021259,2024-06-04,Office Supplies,Blender,Abuja,1,231692,231692,2024,6,<bound method PandasDelegate._add_delegate_accessors.<locals>._create_delegator_method.<locals>.f of <pandas.core.indexes.accessors.DatetimeProperties object at 0x000001F3106A2900>>,VIP
CUST291018,ORD0074408,2023-10-28,Electronics,Smartphone,Rivers,1,88547,88547,2023,10,<bound method PandasDelegate._add_delegate_accessors.<locals>._create_delegator_method.<locals>.f of <pandas.core.indexes.accessors.DatetimeProperties object at 0x000001F3106A2900>>,Low
CUST180097,ORD0083822,2024-12-26,Electronics,Tablet,Abuja,4,260746,1042984,2024,12,<bound method PandasDelegate._add_delegate_accessors.<locals>._create_delegator_method.<locals>.f of <pandas.core.indexes.accessors.DatetimeProperties object at 0x000001F3106A2900>>,VIP
CUST284207,ORD0062112,2024-05-13,Office Supplies,Tablet,Lagos,3,81445,244335,2024,5,<bound method PandasDelegate._add_delegate_accessors.<locals>._create_delegator_method.<locals>.f of <pandas.core.indexes.accessors.DatetimeProperties object at 0x000001F3106A2900>>,VIP
CUST041831,ORD0004240,2023-07-08,Fashion,Sneakers,Port Harcourt,2,192103,384206,2023,7,<bound method PandasDelegate._add_delegate_accessors.<locals>._create_delegator_method.<locals>.f of <pandas.core.indexes.accessors.DatetimeProperties object at 0x000001F3106A2900>>,Mid
CUST100159,ORD0000954,2023-02-19,Office Supplies,Smartphone,Enugu,2,120215,240430,2023,2,<bound method PandasDelegate._add_delegate_accessors.<locals>._create_delegator_method.<locals>.f of <pandas.core.indexes.accessors.DatetimeProperties object at 0x000001F3106A2900>>,Mid
CUST170338,ORD0063553,2022-04-10,Electronics,Blender,Ibadan,4,135072,540288,2022,4,<bound method PandasDelegate._add_delegate_accessors.<locals>._create_delegator_method.<locals>.f of <pandas.core.indexes.accessors.DatetimeProperties object at 0x000001F3106A2900>>,High
CUST122309,ORD0072982,2024-10-30,Office Supplies,Tablet,Ibadan,4,96254,385016,2024,10,<bound method PandasDelegate._add_delegate_accessors.<locals>._create_delegator_method.<locals>.f of <pandas.core.indexes.accessors.DatetimeProperties object at 0x000001F3106A2900>>,VIP
CUST203748,ORD0081593,2023-04-20,Electronics,Tablet,Lagos,2,80596,161192,2023,4,<bound method PandasDelegate._add_delegate_accessors.<locals>._create_delegator_method.<locals>.f of <pandas.core.indexes.accessors.DatetimeProperties object at 0x000001F3106A2900>>,Low
CUST204148,ORD0081438,2024-05-25,Home Appliances,Laptop,Ibadan,2,15247,30494,2024,5,<bound method PandasDelegate._add_delegate_accessors.<locals>._create_delegator_method.<locals>.f of <pandas.core.indexes.accessors.DatetimeProperties object at 0x000001F3106A2900>>,Low
CUST179791,ORD0067873,2024-06-16,Electronics,Sneakers,Abuja,3,198518,595554,2024,6,<bound method PandasDelegate._add_delegate_accessors.<locals>._create_delegator_method.<locals>.f of <pandas.core.indexes.accessors.DatetimeProperties object at 0x000001F3106A2900>>,High
CUST085648,ORD0056615,2023-05-25,Office Supplies,Desk,Abuja,2,45574,91148,2023,5,<bound method PandasDelegate._add_delegate_accessors.<locals>._create_delegator_method.<locals>.f of <pandas.core.indexes.accessors.DatetimeProperties object at 0x000001F3106A2900>>,High
CUST144756,ORD0043430,2025-08-19,Fashion,Tablet,Lagos,1,49717,49717,2025,8,<bound method PandasDelegate._add_delegate_accessors.<locals>._create_delegator_method.<locals>.f of <pandas.core.indexes.accessors.DatetimeProperties object at 0x000001F3106A2900>>,Low
CUST030429,ORD0056968,2022-05-22,Electronics,Smartphone,Kano,4,222441,889764,2022,5,<bound method PandasDelegate._add_delegate_accessors.<locals>._create_delegator_method.<locals>.f of <pandas.core.indexes.accessors.DatetimeProperties object at 0x000001F3106A2900>>,VIP
CUST001083,ORD0012240,2021-08-17,Fashion,Sneakers,Rivers,3,63059,189177,2021,8,<bound method PandasDelegate._add_delegate_accessors.<locals>._create_delegator_method.<locals>.f of <pandas.core.indexes.accessors.DatetimeProperties object at 0x000001F3106A2900>>,High
CUST158042,ORD0057305,2023-04-30,Fashion,Smartphone,Lagos,2,58812,117624,2023,4,<bound method PandasDelegate._add_delegate_accessors.<locals>._create_delegator_method.<locals>.f of <pandas.core.indexes.accessors.DatetimeProperties object at 0x000001F3106A2900>>,Low
CUST233827,ORD0090097,2023-07-26,Office Supplies,Sneakers,Rivers,1,143444,143444,2023,7,<bound method PandasDelegate._add_delegate_accessors.<locals>._create_delegator_method.<locals>.f of <pandas.core.indexes.accessors.DatetimeProperties object at 0x000001F3106A2900>>,Low
CUST175431,ORD0046161,2022-01-26,Home Appliances,Smartphone,Ibadan,3,47302,141906,2022,1,<bound method PandasDelegate._add_delegate_accessors.<locals>._create_delegator_method.<locals>.f of <pandas.core.indexes.accessors.DatetimeProperties object at 0x000001F3106A2900>>,Low
CUST052244,ORD0014894,2024-07-01,Electronics,Tablet,Kano,1,18872,18872,2024,7,<bound method PandasDelegate._add_delegate_accessors.<locals>._create_delegator_method.<locals>.f of <pandas.core.indexes.accessors.DatetimeProperties object at 0x000001F3106A2900>>,High
CUST223898,ORD0055132,2021-12-21,Fashion,Sneakers,Abuja,4,87413,349652,2021,12,<bound method PandasDelegate._add_delegate_accessors.<locals>._create_delegator_method.<locals>.f of <pandas.core.indexes.accessors.DatetimeProperties object at 0x000001F3106A2900>>,Mid
CUST217588,ORD0087448,2021-09-12,Fashion,Smartphone,Rivers,2,120353,240706,2021,9,<bound method PandasDelegate._add_delegate_accessors.<locals>._create_delegator_method.<locals>.f of <pandas.core.indexes.accessors.DatetimeProperties object at 0x000001F3106A2900>>,High
CUST013778,ORD0007178,2023-03-16,Fashion,Printer,Rivers,2,112228,224456,2023,3,<bound method PandasDelegate._add_delegate_accessors.<locals>._create_delegator_method.<locals>.f of <pandas.core.indexes.accessors.DatetimeProperties object at 0x000001F3106A2900>>,Mid
CUST299589,ORD0061429,2025-03-28,Office Supplies,Blender,Ibadan,4,101354,405416,2025,3,<bound method PandasDelegate._add_delegate_accessors.<locals>._create_delegator_method.<locals>.f of <pandas.core.indexes.accessors.DatetimeProperties object at 0x000001F3106A2900>>,Mid
CUST045222,ORD0042143,2025-08-26,Office Supplies,Laptop,Enugu,1,221420,221420,2025,8,<bound method PandasDelegate._add_delegate_accessors.<locals>._create_delegator_method.<locals>.f of <pandas.core.indexes.accessors.DatetimeProperties object at 0x000001F3106A2900>>,Mid
CUST291262,ORD0054367,2021-01-14,Home Appliances,Laptop,Kano,5,41254,206270,2021,1,<bound method PandasDelegate._add_delegate_accessors.<locals>._create_delegator_method.<locals>.f of <pandas.core.indexes.accessors.DatetimeProperties object at 0x000001F3106A2900>>,Mid
CUST158052,ORD0080088,2022-11-18,Home Appliances,Desk,Port Harcourt,5,16916,84580,2022,11,<bound method PandasDelegate._add_delegate_accessors.<locals>._create_delegator_method.<locals>.f of <pandas.core.indexes.accessors.DatetimeProperties object at 0x000001F3106A2900>>,Low
CUST295793,ORD0081198,2024-01-03,Office Supplies,Blender,Kano,3,292399,877197,2024,1,<bound method PandasDelegate._add_delegate_accessors.<locals>._create_delegator_method.<locals>.f of <pandas.core.indexes.accessors.DatetimeProperties object at 0x000001F3106A2900>>,VIP
CUST270578,ORD0005807,2022-12-23,Office Supplies,Desk,Abuja,4,48389,193556,2022,12,<bound method PandasDelegate._add_delegate_accessors.<locals>._create_delegator_method.<locals>.f of <pandas.core.indexes.accessors.DatetimeProperties object at 0x000001F3106A2900>>,Low
CUST190677,ORD0058200,2021-06-02,Fashion,Smartphone,Rivers,1,199312,199312,2021,6,<bound method PandasDelegate._add_delegate_accessors.<locals>._create_delegator_method.<locals>.f of <pandas.core.indexes.accessors.DatetimeProperties object at 0x000001F3106A2900>>,Mid
CUST093562,ORD0054441,2022-12-24,Home Appliances,Smartphone,Rivers,2,156535,313070,2022,12,<bound method PandasDelegate._add_delegate_accessors.<locals>._create_delegator_method.<locals>.f of <pandas.core.indexes.accessors.DatetimeProperties object at 0x000001F3106A2900>>,Mid
CUST004550,ORD0083937,2022-09-08,Office Supplies,Desk,Enugu,5,229005,1145025,2022,9,<bound method PandasDelegate._add_delegate_accessors.<locals>._create_delegator_method.<locals>.f of <pandas.core.indexes.accessors.DatetimeProperties object at 0x000001F3106A2900>>,VIP
CUST071917,ORD0005307,2021-01-17,Office Supplies,Tablet,Abuja,5,79273,396365,2021,1,<bound method PandasDelegate._add_delegate_accessors.<locals>._create_delegator_method.<locals>.f of <pandas.core.indexes.accessors.DatetimeProperties object at 0x000001F3106A2900>>,Mid
CUST279651,ORD0053060,2023-08-15,Fashion,Printer,Ibadan,2,214442,428884,2023,8,<bound method PandasDelegate._add_delegate_accessors.<locals>._create_delegator_method.<locals>.f of <pandas.core.indexes.accessors.DatetimeProperties object at 0x000001F3106A2900>>,VIP
CUST210324,ORD0011098,2021-09-17,Home Appliances,Printer,Enugu,4,65505,262020,2021,9,<bound method PandasDelegate._add_delegate_accessors.<locals>._create_delegator_method.<locals>.f of <pandas.core.indexes.accessors.DatetimeProperties object at 0x000001F3106A2900>>,Mid
CUST168802,ORD0022536,2022-06-16,Electronics,Blender,Lagos,3,97697,293091,2022,6,<bound method PandasDelegate._add_delegate_accessors.<locals>._create_delegator_method.<locals>.f of <pandas.core.indexes.accessors.DatetimeProperties object at 0x000001F3106A2900>>,Mid
CUST009423,ORD0009012,2025-09-03,Fashion,Sneakers,Rivers,2,248249,496498,2025,9,<bound method PandasDelegate._add_delegate_accessors.<locals>._create_delegator_method.<locals>.f of <pandas.core.indexes.accessors.DatetimeProperties object at 0x000001F3106A2900>>,High
CUST257494,ORD0023435,2023-01-10,Office Supplies,Desk,Port Harcourt,4,265248,1060992,2023,1,<bound method PandasDelegate._add_delegate_accessors.<locals>._create_delegator_method.<locals>.f of <pandas.core.indexes.accessors.DatetimeProperties object at 0x000001F3106A2900>>,VIP
CUST120446,ORD0098821,2025-04-20,Office Supplies,Laptop,Ibadan,3,282062,846186,2025,4,<bound method PandasDelegate._add_delegate_accessors.<locals>._create_delegator_method.<locals>.f of <pandas.core.indexes.accessors.DatetimeProperties object at 0x000001F3106A2900>>,VIP
CUST188723,ORD0038009,2022-01-24,Office Supplies,Laptop,Lagos,1,83685,83685,2022,1,<bound method PandasDelegate._add_delegate_accessors.<locals>._create_delegator_method.<locals>.f of <pandas.core.indexes.accessors.DatetimeProperties object at 0x000001F3106A2900>>,Low
CUST075452,ORD0003214,2023-03-02,Office Supplies,Printer,Port Harcourt,3,180701,542103,2023,3,<bound method PandasDelegate._add_delegate_accessors.<locals>._create_delegator_method.<locals>.f of <pandas.core.indexes.accessors.DatetimeProperties object at 0x000001F3106A2900>>,High
CUST264618,ORD0044915,2022-03-24,Electronics,Smartphone,Lagos,3,97696,293088,2022,3,<bound method PandasDelegate._add_delegate_accessors.<locals>._create_delegator_method.<locals>.f of <pandas.core.indexes.accessors.DatetimeProperties object at 0x000001F3106A2900>>,Mid
CUST043471,ORD0070157,2022-01-13,Electronics,Sneakers,Enugu,4,133494,533976,2022,1,<bound method PandasDelegate._add_delegate_accessors.<locals>._create_delegator_method.<locals>.f of <pandas.core.indexes.accessors.DatetimeProperties object at 0x000001F3106A2900>>,High
CUST080751,ORD0094022,2022-10-19,Home Appliances,Printer,Enugu,5,182868,914340,2022,10,<bound method PandasDelegate._add_delegate_accessors.<locals>._create_delegator_method.<locals>.f of <pandas.core.indexes.accessors.DatetimeProperties object at 0x000001F3106A2900>>,VIP
CUST273420,ORD0082977,2021-04-30,Electronics,Laptop,Kano,3,102264,306792,2021,4,<bound method PandasDelegate._add_delegate_accessors.<locals>._create_delegator_method.<locals>.f of <pandas.core.indexes.accessors.DatetimeProperties object at 0x000001F3106A2900>>,Mid
CUST061361,ORD0005166,2023-08-27,Fashion,Smartphone,Rivers,1,197683,197683,2023,8,<bound method PandasDelegate._add_delegate_accessors.<locals>._create_delegator_method.<locals>.f of <pandas.core.indexes.accessors.DatetimeProperties object at 0x000001F3106A2900>>,Mid
CUST236095,ORD0003910,2024-01-16,Fashion,Laptop,Lagos,4,177928,711712,2024,1,<bound method PandasDelegate._add_delegate_accessors.<locals>._create_delegator_method.<locals>.f of <pandas.core.indexes.accessors.DatetimeProperties object at 0x000001F3106A2900>>,High
CUST200549,ORD0062326,2024-10-01,Office Supplies,Blender,Ibadan,4,154554,618216,2024,10,<bound method PandasDelegate._add_delegate_accessors.<locals>._create_delegator_method.<locals>.f of <pandas.core.indexes.accessors.DatetimeProperties object at 0x000001F3106A2900>>,High
CUST290715,ORD0013442,2025-08-09,Fashion,Smartphone,Lagos,2,239217,478434,2025,8,<bound method PandasDelegate._add_delegate_accessors.<locals>._create_delegator_method.<locals>.f of <pandas.core.indexes.accessors.DatetimeProperties object at 0x000001F3106A2900>>,VIP
CUST209764,ORD0042360,2024-02-22,Home Appliances,Blender,Port Harcourt,1,38860,38860,2024,2,<bound method PandasDelegate._add_delegate_accessors.<locals>._create_delegator_method.<locals>.f of <pandas.core.indexes.accessors.DatetimeProperties object at 0x000001F3106A2900>>,Low
CUST203154,ORD0078589,2025-07-24,Electronics,Tablet,Kano,1,208076,208076,2025,7,<bound method PandasDelegate._add_delegate_accessors.<locals>._create_delegator_method.<locals>.f of <pandas.core.indexes.accessors.DatetimeProperties object at 0x000001F3106A2900>>,Mid
CUST026120,ORD0096473,2022-08-28,Fashion,Smartphone,Kano,5,30659,153295,2022,8,<bound method PandasDelegate._add_delegate_accessors.<locals>._create_delegator_method.<locals>.f of <pandas.core.indexes.accessors.DatetimeProperties object at 0x000001F3106A2900>>,High
CUST047531,ORD0081799,2024-07-05,Home Appliances,Laptop,Enugu,2,65205,130410,2024,7,<bound method PandasDelegate._add_delegate_accessors.<locals>._create_delegator_method.<locals>.f of <pandas.core.indexes.accessors.DatetimeProperties object at 0x000001F3106A2900>>,Mid
CUST083673,ORD0089685,2022-10-22,Office Supplies,Smartphone,Enugu,3,245020,735060,2022,10,<bound method PandasDelegate._add_delegate_accessors.<locals>._create_delegator_method.<locals>.f of <pandas.core.indexes.accessors.DatetimeProperties object at 0x000001F3106A2900>>,High
CUST075291,ORD0099656,2025-10-19,Home Appliances,Laptop,Ibadan,4,104896,419584,2025,10,<bound method PandasDelegate._add_delegate_accessors.<locals>._create_delegator_method.<locals>.f of <pandas.core.indexes.accessors.DatetimeProperties object at 0x000001F3106A2900>>,Mid
CUST133418,ORD0092549,2024-03-14,Fashion,Printer,Ibadan,2,14004,28008,2024,3,<bound method PandasDelegate._add_delegate_accessors.<locals>._create_delegator_method.<locals>.f of <pandas.core.indexes.accessors.DatetimeProperties object at 0x000001F3106A2900>>,Low
CUST027283,ORD0051038,2021-07-13,Electronics,Laptop,Kano,4,126334,505336,2021,7,<bound method PandasDelegate._add_delegate_accessors.<locals>._create_delegator_method.<locals>.f of <pandas.core.indexes.accessors.DatetimeProperties object at 0x000001F3106A2900>>,High
CUST197660,ORD0055518,2025-09-12,Office Supplies,Laptop,Lagos,2,84283,168566,2025,9,<bound method PandasDelegate._add_delegate_accessors.<locals>._create_delegator_method.<locals>.f of <pandas.core.indexes.accessors.DatetimeProperties object at 0x000001F3106A2900>>,Low
CUST014569,ORD0011719,2025-02-22,Home Appliances,Laptop,Kano,2,205455,410910,2025,2,<bound method PandasDelegate._add_delegate_accessors.<locals>._create_delegator_method.<locals>.f of <pandas.core.indexes.accessors.DatetimeProperties object at 0x000001F3106A2900>>,Mid
CUST284448,ORD0034984,2021-01-18,Office Supplies,Laptop,Lagos,2,120446,240892,2021,1,<bound method PandasDelegate._add_delegate_accessors.<locals>._create_delegator_method.<locals>.f of <pandas.core.indexes.accessors.DatetimeProperties object at 0x000001F3106A2900>>,High
CUST123298,ORD0037335,2021-04-21,Fashion,Printer,Port Harcourt,1,123476,123476,2021,4,<bound method PandasDelegate._add_delegate_accessors.<locals>._create_delegator_method.<locals>.f of <pandas.core.indexes.accessors.DatetimeProperties object at 0x000001F3106A2900>>,VIP
CUST194391,ORD0089287,2022-02-09,Home Appliances,Laptop,Port Harcourt,4,112116,448464,2022,2,<bound method PandasDelegate._add_delegate_accessors.<locals>._create_delegator_method.<locals>.f of <pandas.core.indexes.accessors.DatetimeProperties object at 0x000001F3106A2900>>,High
CUST155183,ORD0053985,2024-11-23,Office Supplies,Printer,Kano,2,12982,25964,2024,11,<bound method PandasDelegate._add_delegate_accessors.<locals>._create_delegator_method.<locals>.f of <pandas.core.indexes.accessors.DatetimeProperties object at 0x000001F3106A2900>>,Low
CUST123339,ORD0068273,2023-06-25,Electronics,Laptop,Enugu,1,153217,153217,2023,6,<bound method PandasDelegate._add_delegate_accessors.<locals>._create_delegator_method.<locals>.f of <pandas.core.indexes.accessors.DatetimeProperties object at 0x000001F3106A2900>>,Low
CUST246283,ORD0029308,2024-05-26,Fashion,Sneakers,Lagos,3,191404,574212,2024,5,<bound method PandasDelegate._add_delegate_accessors.<locals>._create_delegator_method.<locals>.f of <pandas.core.indexes.accessors.DatetimeProperties object at 0x000001F3106A2900>>,High
CUST004727,ORD0037936,2025-08-26,Electronics,Sneakers,Kano,3,208175,624525,2025,8,<bound method PandasDelegate._add_delegate_accessors.<locals>._create_delegator_method.<locals>.f of <pandas.core.indexes.accessors.DatetimeProperties object at 0x000001F3106A2900>>,High
CUST231623,ORD0044429,2022-08-24,Fashion,Desk,Lagos,3,204454,613362,2022,8,<bound method PandasDelegate._add_delegate_accessors.<locals>._create_delegator_method.<locals>.f of <pandas.core.indexes.accessors.DatetimeProperties object at 0x000001F3106A2900>>,High
CUST060797,ORD0038951,2022-04-12,Office Supplies,Blender,Ibadan,3,113655,340965,2022,4,<bound method PandasDelegate._add_delegate_accessors.<locals>._create_delegator_method.<locals>.f of <pandas.core.indexes.accessors.DatetimeProperties object at 0x000001F3106A2900>>,VIP
CUST060239,ORD0072764,2023-01-23,Home Appliances,Smartphone,Port Harcourt,2,86020,172040,2023,1,<bound method PandasDelegate._add_delegate_accessors.<locals>._create_delegator_method.<locals>.f of <pandas.core.indexes.accessors.DatetimeProperties object at 0x000001F3106A2900>>,Low
CUST111962,ORD0066804,2025-08-01,Office Supplies,Printer,Port Harcourt,4,19481,77924,2025,8,<bound method PandasDelegate._add_delegate_accessors.<locals>._create_delegator_method.<locals>.f of <pandas.core.indexes.accessors.DatetimeProperties object at 0x000001F3106A2900>>,High
CUST064818,ORD0026060,2023-05-15,Home Appliances,Printer,Rivers,3,104402,313206,2023,5,<bound method PandasDelegate._add_delegate_accessors.<locals>._create_delegator_method.<locals>.f of <pandas.core.indexes.accessors.DatetimeProperties object at 0x000001F3106A2900>>,Mid
CUST139085,ORD0023803,2021-05-17,Electronics,Printer,Enugu,1,159299,159299,2021,5,<bound method PandasDelegate._add_delegate_accessors.<locals>._create_delegator_method.<locals>.f of <pandas.core.indexes.accessors.DatetimeProperties object at 0x000001F3106A2900>>,Low
CUST087219,ORD0090454,2022-10-10,Office Supplies,Printer,Lagos,3,240202,720606,2022,10,<bound method PandasDelegate._add_delegate_accessors.<locals>._create_delegator_method.<locals>.f of <pandas.core.indexes.accessors.DatetimeProperties object at 0x000001F3106A2900>>,High
CUST201467,ORD0009419,2021-05-11,Electronics,Desk,Ibadan,1,264310,264310,2021,5,<bound method PandasDelegate._add_delegate_accessors.<locals>._create_delegator_method.<locals>.f of <pandas.core.indexes.accessors.DatetimeProperties object at 0x000001F3106A2900>>,Mid
CUST086787,ORD0095727,2023-10-19,Office Supplies,Laptop,Rivers,5,289594,1447970,2023,10,<bound method PandasDelegate._add_delegate_accessors.<locals>._create_delegator_method.<locals>.f of <pandas.core.indexes.accessors.DatetimeProperties object at 0x000001F3106A2900>>,VIP
CUST149608,ORD0021275,2021-11-24,Fashion,Sneakers,Rivers,3,80115,240345,2021,11,<bound method PandasDelegate._add_delegate_accessors.<locals>._create_delegator_method.<locals>.f of <pandas.core.indexes.accessors.DatetimeProperties object at 0x000001F3106A2900>>,Mid
CUST259079,ORD0090378,2021-04-15,Electronics,Blender,Rivers,3,147024,441072,2021,4,<bound method PandasDelegate._add_delegate_accessors.<locals>._create_delegator_method.<locals>.f of <pandas.core.indexes.accessors.DatetimeProperties object at 0x000001F3106A2900>>,High
CUST221649,ORD0013150,2022-08-06,Electronics,Blender,Lagos,2,113398,226796,2022,8,<bound method PandasDelegate._add_delegate_accessors.<locals>._create_delegator_method.<locals>.f of <pandas.core.indexes.accessors.DatetimeProperties object at 0x000001F3106A2900>>,Mid
CUST289923,ORD0027283,2023-10-15,Office Supplies,Sneakers,Rivers,4,193241,772964,2023,10,<bound method PandasDelegate._add_delegate_accessors.<locals>._create_delegator_method.<locals>.f of <pandas.core.indexes.accessors.DatetimeProperties object at 0x000001F3106A2900>>,High
CUST229562,ORD0070477,2024-02-24,Office Supplies,Laptop,Kano,5,29241,146205,2024,2,<bound method PandasDelegate._add_delegate_accessors.<locals>._create_delegator_method.<locals>.f of <pandas.core.indexes.accessors.DatetimeProperties object at 0x000001F3106A2900>>,VIP
CUST036812,ORD0069643,2023-06-28,Fashion,Smartphone,Kano,1,77440,77440,2023,6,<bound method PandasDelegate._add_delegate_accessors.<locals>._create_delegator_method.<locals>.f of <pandas.core.indexes.accessors.DatetimeProperties object at 0x000001F3106A2900>>,Low
CUST164034,ORD0027511,2024-05-13,Home Appliances,Printer,Kano,5,113731,568655,2024,5,<bound method PandasDelegate._add_delegate_accessors.<locals>._create_delegator_method.<locals>.f of <pandas.core.indexes.accessors.DatetimeProperties object at 0x000001F3106A2900>>,High
CUST028479,ORD0041003,2025-05-10,Electronics,Desk,Abuja,2,93608,187216,2025,5,<bound method PandasDelegate._add_delegate_accessors.<locals>._create_delegator_method.<locals>.f of <pandas.core.indexes.accessors.DatetimeProperties object at 0x000001F3106A2900>>,Mid
CUST251295,ORD0043217,2023-02-27,Fashion,Sneakers,Port Harcourt,1,127684,127684,2023,2,<bound method PandasDelegate._add_delegate_accessors.<locals>._create_delegator_method.<locals>.f of <pandas.core.indexes.accessors.DatetimeProperties object at 0x000001F3106A2900>>,Low
CUST123050,ORD0080234,2024-02-21,Office Supplies,Smartphone,Enugu,3,232252,696756,2024,2,<bound method PandasDelegate._add_delegate_accessors.<locals>._create_delegator_method.<locals>.f of <pandas.core.indexes.accessors.DatetimeProperties object at 0x000001F3106A2900>>,High
CUST104404,ORD0071133,2025-12-10,Fashion,Smartphone,Port Harcourt,5,64923,324615,2025,12,<bound method PandasDelegate._add_delegate_accessors.<locals>._create_delegator_method.<locals>.f of <pandas.core.indexes.accessors.DatetimeProperties object at 0x000001F3106A2900>>,Mid
CUST049580,ORD0065868,2024-07-11,Fashion,Tablet,Lagos,2,128014,256028,2024,7,<bound method PandasDelegate._add_delegate_accessors.<locals>._create_delegator_method.<locals>.f of <pandas.core.indexes.accessors.DatetimeProperties object at 0x000001F3106A2900>>,Mid
CUST161497,ORD0048695,2023-06-20,Fashion,Laptop,Enugu,4,131565,526260,2023,6,<bound method PandasDelegate._add_delegate_accessors.<locals>._create_delegator_method.<locals>.f of <pandas.core.indexes.accessors.DatetimeProperties object at 0x000001F3106A2900>>,High
CUST112226,ORD0026387,2022-03-05,Home Appliances,Desk,Rivers,1,133204,133204,2022,3,<bound method PandasDelegate._add_delegate_accessors.<locals>._create_delegator_method.<locals>.f of <pandas.core.indexes.accessors.DatetimeProperties object at 0x000001F3106A2900>>,Low
CUST041296,ORD0059432,2021-04-09,Electronics,Printer,Enugu,2,157557,315114,2021,4,<bound method PandasDelegate._add_delegate_accessors.<locals>._create_delegator_method.<locals>.f of <pandas.core.indexes.accessors.DatetimeProperties object at 0x000001F3106A2900>>,Mid
CUST038594,ORD0026040,2025-12-27,Fashion,Smartphone,Ibadan,5,214720,1073600,2025,12,<bound method PandasDelegate._add_delegate_accessors.<locals>._create_delegator_method.<locals>.f of <pandas.core.indexes.accessors.DatetimeProperties object at 0x000001F3106A2900>>,VIP
CUST043189,ORD0013430,2022-08-22,Electronics,Blender,Abuja,2,111638,223276,2022,8,<bound method PandasDelegate._add_delegate_accessors.<locals>._create_delegator_method.<locals>.f of <pandas.core.indexes.accessors.DatetimeProperties object at 0x000001F3106A2900>>,Mid
CUST232464,ORD0020802,2025-02-04,Home Appliances,Laptop,Rivers,4,43334,173336,2025,2,<bound method PandasDelegate._add_delegate_accessors.<locals>._create_delegator_method.<locals>.f of <pandas.core.indexes.accessors.DatetimeProperties object at 0x000001F3106A2900>>,Low
CUST213277,ORD0090862,2024-11-22,Electronics,Printer,Enugu,5,130270,651350,2024,11,<bound method PandasDelegate._add_delegate_accessors.<locals>._create_delegator_method.<locals>.f of <pandas.core.indexes.accessors.DatetimeProperties object at 0x000001F3106A2900>>,High
CUST001584,ORD0077661,2023-08-28,Fashion,Printer,Ibadan,2,86846,173692,2023,8,<bound method PandasDelegate._add_delegate_accessors.<locals>._create_delegator_method.<locals>.f of <pandas.core.indexes.accessors.DatetimeProperties object at 0x000001F3106A2900>>,Low
CUST116928,ORD0056000,2022-04-06,Fashion,Laptop,Rivers,3,216172,648516,2022,4,<bound method PandasDelegate._add_delegate_accessors.<locals>._create_delegator_method.<locals>.f of <pandas.core.indexes.accessors.DatetimeProperties object at 0x000001F3106A2900>>,VIP
CUST227785,ORD0067928,2021-11-08,Office Supplies,Blender,Enugu,2,295258,590516,2021,11,<bound method PandasDelegate._add_delegate_accessors.<locals>._create_delegator_method.<locals>.f of <pandas.core.indexes.accessors.DatetimeProperties object at 0x000001F3106A2900>>,High
CUST060129,ORD0003615,2021-09-08,Office Supplies,Sneakers,Enugu,5,250420,1252100,2021,9,<bound method PandasDelegate._add_delegate_accessors.<locals>._create_delegator_method.<locals>.f of <pandas.core.indexes.accessors.DatetimeProperties object at 0x000001F3106A2900>>,VIP
CUST168453,ORD0066247,2023-08-10,Home Appliances,Tablet,Port Harcourt,4,90103,360412,2023,8,<bound method PandasDelegate._add_delegate_accessors.<locals>._create_delegator_method.<locals>.f of <pandas.core.indexes.accessors.DatetimeProperties object at 0x000001F3106A2900>>,VIP
CUST030826,ORD0095715,2024-09-26,Home Appliances,Laptop,Port Harcourt,2,298262,596524,2024,9,<bound method PandasDelegate._add_delegate_accessors.<locals>._create_delegator_method.<locals>.f of <pandas.core.indexes.accessors.DatetimeProperties object at 0x000001F3106A2900>>,High
CUST190013,ORD0014765,2021-01-08,Office Supplies,Sneakers,Enugu,1,145879,145879,2021,1,<bound method PandasDelegate._add_delegate_accessors.<locals>._create_delegator_method.<locals>.f of <pandas.core.indexes.accessors.DatetimeProperties object at 0x000001F3106A2900>>,Low
CUST056177,ORD0007953,2025-06-13,Fashion,Sneakers,Lagos,4,94342,377368,2025,6,<bound method PandasDelegate._add_delegate_accessors.<locals>._create_delegator_method.<locals>.f of <pandas.core.indexes.accessors.DatetimeProperties object at 0x000001F3106A2900>>,High
CUST290805,ORD0028933,2021-11-20,Office Supplies,Printer,Rivers,4,53206,212824,2021,11,<bound method PandasDelegate._add_delegate_accessors.<locals>._create_delegator_method.<locals>.f of <pandas.core.indexes.accessors.DatetimeProperties object at 0x000001F3106A2900>>,Mid
CUST285799,ORD0064488,2024-03-23,Fashion,Blender,Lagos,1,202067,202067,2024,3,<bound method PandasDelegate._add_delegate_accessors.<locals>._create_delegator_method.<locals>.f of <pandas.core.indexes.accessors.DatetimeProperties object at 0x000001F3106A2900>>,Mid
CUST095582,ORD0088750,2024-07-21,Fashion,Printer,Rivers,2,124423,248846,2024,7,<bound method PandasDelegate._add_delegate_accessors.<locals>._create_delegator_method.<locals>.f of <pandas.core.indexes.accessors.DatetimeProperties object at 0x000001F3106A2900>>,Mid
CUST043885,ORD0084307,2022-06-09,Fashion,Blender,Kano,1,68204,68204,2022,6,<bound method PandasDelegate._add_delegate_accessors.<locals>._create_delegator_method.<locals>.f of <pandas.core.indexes.accessors.DatetimeProperties object at 0x000001F3106A2900>>,Mid
CUST016353,ORD0044409,2022-02-28,Electronics,Blender,Kano,4,125430,501720,2022,2,<bound method PandasDelegate._add_delegate_accessors.<locals>._create_delegator_method.<locals>.f of <pandas.core.indexes.accessors.DatetimeProperties object at 0x000001F3106A2900>>,High
CUST073098,ORD0046142,2022-07-08,Office Supplies,Smartphone,Abuja,1,292538,292538,2022,7,<bound method PandasDelegate._add_delegate_accessors.<locals>._create_delegator_method.<locals>.f of <pandas.core.indexes.accessors.DatetimeProperties object at 0x000001F3106A2900>>,Mid
CUST067820,ORD0049126,2021-02-02,Electronics,Sneakers,Rivers,5,30438,152190,2021,2,<bound method PandasDelegate._add_delegate_accessors.<locals>._create_delegator_method.<locals>.f of <pandas.core.indexes.accessors.DatetimeProperties object at 0x000001F3106A2900>>,Low
CUST120386,ORD0008856,2023-08-11,Electronics,Smartphone,Port Harcourt,2,294563,589126,2023,8,<bound method PandasDelegate._add_delegate_accessors.<locals>._create_delegator_method.<locals>.f of <pandas.core.indexes.accessors.DatetimeProperties object at 0x000001F3106A2900>>,High
CUST172917,ORD0074520,2021-11-20,Electronics,Desk,Port Harcourt,3,101199,303597,2021,11,<bound method PandasDelegate._add_delegate_accessors.<locals>._create_delegator_method.<locals>.f of <pandas.core.indexes.accessors.DatetimeProperties object at 0x000001F3106A2900>>,Mid
CUST136141,ORD0049316,2023-12-02,Office Supplies,Laptop,Ibadan,5,155290,776450,2023,12,<bound method PandasDelegate._add_delegate_accessors.<locals>._create_delegator_method.<locals>.f of <pandas.core.indexes.accessors.DatetimeProperties object at 0x000001F3106A2900>>,High
CUST180134,ORD0062187,2022-08-22,Office Supplies,Desk,Enugu,3,128608,385824,2022,8,<bound method PandasDelegate._add_delegate_accessors.<locals>._create_delegator_method.<locals>.f of <pandas.core.indexes.accessors.DatetimeProperties object at 0x000001F3106A2900>>,Mid
CUST282804,ORD0005726,2021-10-21,Electronics,Smartphone,Lagos,1,202023,202023,2021,10,<bound method PandasDelegate._add_delegate_accessors.<locals>._create_delegator_method.<locals>.f of <pandas.core.indexes.accessors.DatetimeProperties object at 0x000001F3106A2900>>,Mid
CUST252578,ORD0069871,2023-07-09,Electronics,Laptop,Kano,1,159689,159689,2023,7,<bound method PandasDelegate._add_delegate_accessors.<locals>._create_delegator_method.<locals>.f of <pandas.core.indexes.accessors.DatetimeProperties object at 0x000001F3106A2900>>,Mid
CUST174440,ORD0069812,2023-05-19,Electronics,Laptop,Lagos,4,144582,578328,2023,5,<bound method PandasDelegate._add_delegate_accessors.<locals>._create_delegator_method.<locals>.f of <pandas.core.indexes.accessors.DatetimeProperties object at 0x000001F3106A2900>>,High
CUST249431,ORD0002361,2021-03-05,Home Appliances,Sneakers,Rivers,3,177963,533889,2021,3,<bound method PandasDelegate._add_delegate_accessors.<locals>._create_delegator_method.<locals>.f of <pandas.core.indexes.accessors.DatetimeProperties object at 0x000001F3106A2900>>,High
CUST120824,ORD0020967,2025-07-11,Office Supplies,Tablet,Lagos,2,154961,309922,2025,7,<bound method PandasDelegate._add_delegate_accessors.<locals>._create_delegator_method.<locals>.f of <pandas.core.indexes.accessors.DatetimeProperties object at 0x000001F3106A2900>>,High
CUST065658,ORD0045351,2022-10-09,Electronics,Laptop,Lagos,3,141575,424725,2022,10,<bound method PandasDelegate._add_delegate_accessors.<locals>._create_delegator_method.<locals>.f of <pandas.core.indexes.accessors.DatetimeProperties object at 0x000001F3106A2900>>,High
CUST208099,ORD0025486,2021-04-19,Fashion,Laptop,Kano,4,150761,603044,2021,4,<bound method PandasDelegate._add_delegate_accessors.<locals>._create_delegator_method.<locals>.f of <pandas.core.indexes.accessors.DatetimeProperties object at 0x000001F3106A2900>>,High
CUST098232,ORD0016702,2025-05-31,Electronics,Desk,Port Harcourt,3,225325,675975,2025,5,<bound method PandasDelegate._add_delegate_accessors.<locals>._create_delegator_method.<locals>.f of <pandas.core.indexes.accessors.DatetimeProperties object at 0x000001F3106A2900>>,High
CUST004756,ORD0052064,2023-03-30,Office Supplies,Tablet,Enugu,3,284502,853506,2023,3,<bound method PandasDelegate._add_delegate_accessors.<locals>._create_delegator_method.<locals>.f of <pandas.core.indexes.accessors.DatetimeProperties object at 0x000001F3106A2900>>,VIP
CUST186057,ORD0087605,2024-07-02,Fashion,Blender,Rivers,2,221785,443570,2024,7,<bound method PandasDelegate._add_delegate_accessors.<locals>._create_delegator_method.<locals>.f of <pandas.core.indexes.accessors.DatetimeProperties object at 0x000001F3106A2900>>,High
CUST188728,ORD0079153,2021-01-08,Home Appliances,Laptop,Ibadan,2,219582,439164,2021,1,<bound method PandasDelegate._add_delegate_accessors.<locals>._create_delegator_method.<locals>.f of <pandas.core.indexes.accessors.DatetimeProperties object at 0x000001F3106A2900>>,High
CUST118441,ORD0023294,2022-05-09,Office Supplies,Blender,Enugu,4,92642,370568,2022,5,<bound method PandasDelegate._add_delegate_accessors.<locals>._create_delegator_method.<locals>.f of <pandas.core.indexes.accessors.DatetimeProperties object at 0x000001F3106A2900>>,Mid
CUST026528,ORD0090694,2024-12-20,Home Appliances,Blender,Ibadan,5,158513,792565,2024,12,<bound method PandasDelegate._add_delegate_accessors.<locals>._create_delegator_method.<locals>.f of <pandas.core.indexes.accessors.DatetimeProperties object at 0x000001F3106A2900>>,VIP
CUST282110,ORD0020052,2022-01-27,Fashion,Smartphone,Port Harcourt,3,174928,524784,2022,1,<bound method PandasDelegate._add_delegate_accessors.<locals>._create_delegator_method.<locals>.f of <pandas.core.indexes.accessors.DatetimeProperties object at 0x000001F3106A2900>>,High
CUST247924,ORD0041824,2023-12-01,Fashion,Desk,Kano,1,63698,63698,2023,12,<bound method PandasDelegate._add_delegate_accessors.<locals>._create_delegator_method.<locals>.f of <pandas.core.indexes.accessors.DatetimeProperties object at 0x000001F3106A2900>>,Low
CUST032055,ORD0043790,2022-05-06,Office Supplies,Smartphone,Kano,2,297615,595230,2022,5,<bound method PandasDelegate._add_delegate_accessors.<locals>._create_delegator_method.<locals>.f of <pandas.core.indexes.accessors.DatetimeProperties object at 0x000001F3106A2900>>,High
CUST299214,ORD0063887,2025-10-01,Electronics,Sneakers,Abuja,4,183235,732940,2025,10,<bound method PandasDelegate._add_delegate_accessors.<locals>._create_delegator_method.<locals>.f of <pandas.core.indexes.accessors.DatetimeProperties object at 0x000001F3106A2900>>,High
CUST243561,ORD0094573,2023-05-30,Office Supplies,Printer,Lagos,4,25389,101556,2023,5,<bound method PandasDelegate._add_delegate_accessors.<locals>._create_delegator_method.<locals>.f of <pandas.core.indexes.accessors.DatetimeProperties object at 0x000001F3106A2900>>,Low
CUST136753,ORD0041408,2025-03-25,Home Appliances,Tablet,Lagos,1,159035,159035,2025,3,<bound method PandasDelegate._add_delegate_accessors.<locals>._create_delegator_method.<locals>.f of <pandas.core.indexes.accessors.DatetimeProperties object at 0x000001F3106A2900>>,Low
CUST253117,ORD0099050,2022-04-24,Fashion,Laptop,Lagos,1,158574,158574,2022,4,<bound method PandasDelegate._add_delegate_accessors.<locals>._create_delegator_method.<locals>.f of <pandas.core.indexes.accessors.DatetimeProperties object at 0x000001F3106A2900>>,VIP
CUST145922,ORD0010446,2021-10-19,Fashion,Printer,Port Harcourt,1,95085,95085,2021,10,<bound method PandasDelegate._add_delegate_accessors.<locals>._create_delegator_method.<locals>.f of <pandas.core.indexes.accessors.DatetimeProperties object at 0x000001F3106A2900>>,Low
CUST230612,ORD0014313,2021-12-24,Office Supplies,Desk,Port Harcourt,1,55295,55295,2021,12,<bound method PandasDelegate._add_delegate_accessors.<locals>._create_delegator_method.<locals>.f of <pandas.core.indexes.accessors.DatetimeProperties object at 0x000001F3106A2900>>,High
CUST150026,ORD0015265,2021-07-22,Office Supplies,Smartphone,Kano,1,270881,270881,2021,7,<bound method PandasDelegate._add_delegate_accessors.<locals>._create_delegator_method.<locals>.f of <pandas.core.indexes.accessors.DatetimeProperties object at 0x000001F3106A2900>>,VIP
CUST071587,ORD0071154,2021-04-03,Home Appliances,Smartphone,Lagos,5,179317,896585,2021,4,<bound method PandasDelegate._add_delegate_accessors.<locals>._create_delegator_method.<locals>.f of <pandas.core.indexes.accessors.DatetimeProperties object at 0x000001F3106A2900>>,VIP
CUST185595,ORD0045148,2025-11-25,Office Supplies,Smartphone,Abuja,2,257604,515208,2025,11,<bound method PandasDelegate._add_delegate_accessors.<locals>._create_delegator_method.<locals>.f of <pandas.core.indexes.accessors.DatetimeProperties object at 0x000001F3106A2900>>,High
CUST196823,ORD0037977,2025-07-20,Home Appliances,Smartphone,Kano,3,286057,858171,2025,7,<bound method PandasDelegate._add_delegate_accessors.<locals>._create_delegator_method.<locals>.f of <pandas.core.indexes.accessors.DatetimeProperties object at 0x000001F3106A2900>>,VIP
CUST062147,ORD0019026,2023-05-13,Office Supplies,Desk,Lagos,2,282746,565492,2023,5,<bound method PandasDelegate._add_delegate_accessors.<locals>._create_delegator_method.<locals>.f of <pandas.core.indexes.accessors.DatetimeProperties object at 0x000001F3106A2900>>,VIP
CUST038695,ORD0077357,2025-11-25,Electronics,Printer,Enugu,3,270658,811974,2025,11,<bound method PandasDelegate._add_delegate_accessors.<locals>._create_delegator_method.<locals>.f of <pandas.core.indexes.accessors.DatetimeProperties object at 0x000001F3106A2900>>,VIP
CUST059487,ORD0013131,2023-04-29,Fashion,Smartphone,Abuja,2,132560,265120,2023,4,<bound method PandasDelegate._add_delegate_accessors.<locals>._create_delegator_method.<locals>.f of <pandas.core.indexes.accessors.DatetimeProperties object at 0x000001F3106A2900>>,Mid
CUST188953,ORD0050909,2024-09-11,Home Appliances,Tablet,Lagos,1,61174,61174,2024,9,<bound method PandasDelegate._add_delegate_accessors.<locals>._create_delegator_method.<locals>.f of <pandas.core.indexes.accessors.DatetimeProperties object at 0x000001F3106A2900>>,Low
CUST077526,ORD0004318,2023-01-11,Fashion,Tablet,Abuja,3,221732,665196,2023,1,<bound method PandasDelegate._add_delegate_accessors.<locals>._create_delegator_method.<locals>.f of <pandas.core.indexes.accessors.DatetimeProperties object at 0x000001F3106A2900>>,VIP
CUST251882,ORD0007657,2023-04-08,Home Appliances,Laptop,Abuja,3,83820,251460,2023,4,<bound method PandasDelegate._add_delegate_accessors.<locals>._create_delegator_method.<locals>.f of <pandas.core.indexes.accessors.DatetimeProperties object at 0x000001F3106A2900>>,Mid
CUST214515,ORD0016683,2024-08-02,Office Supplies,Tablet,Enugu,4,246353,985412,2024,8,<bound method PandasDelegate._add_delegate_accessors.<locals>._create_delegator_method.<locals>.f of <pandas.core.indexes.accessors.DatetimeProperties object at 0x000001F3106A2900>>,VIP
CUST252127,ORD0095756,2022-03-18,Electronics,Blender,Enugu,1,151902,151902,2022,3,<bound method PandasDelegate._add_delegate_accessors.<locals>._create_delegator_method.<locals>.f of <pandas.core.indexes.accessors.DatetimeProperties object at 0x000001F3106A2900>>,Low
CUST160168,ORD0080774,2021-06-06,Home Appliances,Desk,Enugu,5,231026,1155130,2021,6,<bound method PandasDelegate._add_delegate_accessors.<locals>._create_delegator_method.<locals>.f of <pandas.core.indexes.accessors.DatetimeProperties object at 0x000001F3106A2900>>,VIP
CUST094806,ORD0027312,2024-10-28,Office Supplies,Laptop,Abuja,3,270139,810417,2024,10,<bound method PandasDelegate._add_delegate_accessors.<locals>._create_delegator_method.<locals>.f of <pandas.core.indexes.accessors.DatetimeProperties object at 0x000001F3106A2900>>,VIP
CUST124079,ORD0009697,2025-10-30,Office Supplies,Laptop,Ibadan,2,209285,418570,2025,10,<bound method PandasDelegate._add_delegate_accessors.<locals>._create_delegator_method.<locals>.f of <pandas.core.indexes.accessors.DatetimeProperties object at 0x000001F3106A2900>>,High
CUST281643,ORD0036728,2021-09-02,Home Appliances,Laptop,Ibadan,1,44290,44290,2021,9,<bound method PandasDelegate._add_delegate_accessors.<locals>._create_delegator_method.<locals>.f of <pandas.core.indexes.accessors.DatetimeProperties object at 0x000001F3106A2900>>,Low
CUST178018,ORD0093093,2023-07-12,Office Supplies,Printer,Enugu,1,60424,60424,2023,7,<bound method PandasDelegate._add_delegate_accessors.<locals>._create_delegator_method.<locals>.f of <pandas.core.indexes.accessors.DatetimeProperties object at 0x000001F3106A2900>>,Low
CUST172041,ORD0088371,2022-06-17,Electronics,Sneakers,Rivers,2,105114,210228,2022,6,<bound method PandasDelegate._add_delegate_accessors.<locals>._create_delegator_method.<locals>.f of <pandas.core.indexes.accessors.DatetimeProperties object at 0x000001F3106A2900>>,Mid
CUST227057,ORD0069991,2022-04-28,Electronics,Sneakers,Lagos,5,270210,1351050,2022,4,<bound method PandasDelegate._add_delegate_accessors.<locals>._create_delegator_method.<locals>.f of <pandas.core.indexes.accessors.DatetimeProperties object at 0x000001F3106A2900>>,VIP
CUST155308,ORD0032236,2022-07-11,Home Appliances,Laptop,Enugu,4,57131,228524,2022,7,<bound method PandasDelegate._add_delegate_accessors.<locals>._create_delegator_method.<locals>.f of <pandas.core.indexes.accessors.DatetimeProperties object at 0x000001F3106A2900>>,Mid
CUST185294,ORD0077470,2025-10-08,Home Appliances,Smartphone,Abuja,3,147256,441768,2025,10,<bound method PandasDelegate._add_delegate_accessors.<locals>._create_delegator_method.<locals>.f of <pandas.core.indexes.accessors.DatetimeProperties object at 0x000001F3106A2900>>,High
CUST227602,ORD0054177,2023-05-17,Fashion,Printer,Rivers,4,99123,396492,2023,5,<bound method PandasDelegate._add_delegate_accessors.<locals>._create_delegator_method.<locals>.f of <pandas.core.indexes.accessors.DatetimeProperties object at 0x000001F3106A2900>>,VIP
CUST260463,ORD0022377,2022-07-05,Office Supplies,Printer,Abuja,5,18181,90905,2022,7,<bound method PandasDelegate._add_delegate_accessors.<locals>._create_delegator_method.<locals>.f of <pandas.core.indexes.accessors.DatetimeProperties object at 0x000001F3106A2900>>,Low
CUST034903,ORD0093073,2022-04-15,Electronics,Tablet,Abuja,5,252310,1261550,2022,4,<bound method PandasDelegate._add_delegate_accessors.<locals>._create_delegator_method.<locals>.f of <pandas.core.indexes.accessors.DatetimeProperties object at 0x000001F3106A2900>>,VIP
CUST236056,ORD0026254,2024-02-05,Home Appliances,Laptop,Port Harcourt,5,299652,1498260,2024,2,<bound method PandasDelegate._add_delegate_accessors.<locals>._create_delegator_method.<locals>.f of <pandas.core.indexes.accessors.DatetimeProperties object at 0x000001F3106A2900>>,VIP
CUST201806,ORD0050216,2025-08-08,Electronics,Blender,Port Harcourt,1,180933,180933,2025,8,<bound method PandasDelegate._add_delegate_accessors.<locals>._create_delegator_method.<locals>.f of <pandas.core.indexes.accessors.DatetimeProperties object at 0x000001F3106A2900>>,VIP
CUST140057,ORD0088372,2024-12-03,Office Supplies,Desk,Enugu,1,209740,209740,2024,12,<bound method PandasDelegate._add_delegate_accessors.<locals>._create_delegator_method.<locals>.f of <pandas.core.indexes.accessors.DatetimeProperties object at 0x000001F3106A2900>>,Mid
CUST259918,ORD0044036,2022-01-23,Office Supplies,Sneakers,Port Harcourt,2,228908,457816,2022,1,<bound method PandasDelegate._add_delegate_accessors.<locals>._create_delegator_method.<locals>.f of <pandas.core.indexes.accessors.DatetimeProperties object at 0x000001F3106A2900>>,High
CUST238842,ORD0070071,2025-12-18,Office Supplies,Desk,Enugu,3,31700,95100,2025,12,<bound method PandasDelegate._add_delegate_accessors.<locals>._create_delegator_method.<locals>.f of <pandas.core.indexes.accessors.DatetimeProperties object at 0x000001F3106A2900>>,High
CUST212679,ORD0017802,2025-06-08,Fashion,Tablet,Ibadan,3,266500,799500,2025,6,<bound method PandasDelegate._add_delegate_accessors.<locals>._create_delegator_method.<locals>.f of <pandas.core.indexes.accessors.DatetimeProperties object at 0x000001F3106A2900>>,VIP
CUST088020,ORD0087711,2023-10-09,Fashion,Printer,Kano,2,277456,554912,2023,10,<bound method PandasDelegate._add_delegate_accessors.<locals>._create_delegator_method.<locals>.f of <pandas.core.indexes.accessors.DatetimeProperties object at 0x000001F3106A2900>>,High
CUST225329,ORD0026001,2024-01-19,Home Appliances,Tablet,Enugu,3,194318,582954,2024,1,<bound method PandasDelegate._add_delegate_accessors.<locals>._create_delegator_method.<locals>.f of <pandas.core.indexes.accessors.DatetimeProperties object at 0x000001F3106A2900>>,High
CUST197124,ORD0048095,2021-03-29,Fashion,Smartphone,Abuja,3,60603,181809,2021,3,<bound method PandasDelegate._add_delegate_accessors.<locals>._create_delegator_method.<locals>.f of <pandas.core.indexes.accessors.DatetimeProperties object at 0x000001F3106A2900>>,High
CUST239771,ORD0056126,2022-02-24,Home Appliances,Desk,Lagos,2,65836,131672,2022,2,<bound method PandasDelegate._add_delegate_accessors.<locals>._create_delegator_method.<locals>.f of <pandas.core.indexes.accessors.DatetimeProperties object at 0x000001F3106A2900>>,VIP
CUST213597,ORD0007516,2023-08-16,Electronics,Desk,Ibadan,5,223008,1115040,2023,8,<bound method PandasDelegate._add_delegate_accessors.<locals>._create_delegator_method.<locals>.f of <pandas.core.indexes.accessors.DatetimeProperties object at 0x000001F3106A2900>>,VIP
CUST095808,ORD0056469,2022-04-28,Electronics,Sneakers,Enugu,4,38293,153172,2022,4,<bound method PandasDelegate._add_delegate_accessors.<locals>._create_delegator_method.<locals>.f of <pandas.core.indexes.accessors.DatetimeProperties object at 0x000001F3106A2900>>,Low
CUST127635,ORD0043714,2024-08-28,Home Appliances,Sneakers,Enugu,3,267244,801732,2024,8,<bound method PandasDelegate._add_delegate_accessors.<locals>._create_delegator_method.<locals>.f of <pandas.core.indexes.accessors.DatetimeProperties object at 0x000001F3106A2900>>,VIP
CUST123356,ORD0017746,2024-02-07,Home Appliances,Blender,Ibadan,4,175325,701300,2024,2,<bound method PandasDelegate._add_delegate_accessors.<locals>._create_delegator_method.<locals>.f of <pandas.core.indexes.accessors.DatetimeProperties object at 0x000001F3106A2900>>,High
CUST268057,ORD0081122,2025-01-06,Fashion,Tablet,Enugu,5,11950,59750,2025,1,<bound method PandasDelegate._add_delegate_accessors.<locals>._create_delegator_method.<locals>.f of <pandas.core.indexes.accessors.DatetimeProperties object at 0x000001F3106A2900>>,Low
CUST186407,ORD0060548,2024-04-08,Home Appliances,Desk,Rivers,5,112064,560320,2024,4,<bound method PandasDelegate._add_delegate_accessors.<locals>._create_delegator_method.<locals>.f of <pandas.core.indexes.accessors.DatetimeProperties object at 0x000001F3106A2900>>,High
CUST095759,ORD0070539,2022-12-16,Fashion,Laptop,Ibadan,3,62433,187299,2022,12,<bound method PandasDelegate._add_delegate_accessors.<locals>._create_delegator_method.<locals>.f of <pandas.core.indexes.accessors.DatetimeProperties object at 0x000001F3106A2900>>,Low
CUST040226,ORD0021764,2023-06-13,Home Appliances,Printer,Ibadan,3,176183,528549,2023,6,<bound method PandasDelegate._add_delegate_accessors.<locals>._create_delegator_method.<locals>.f of <pandas.core.indexes.accessors.DatetimeProperties object at 0x000001F3106A2900>>,High
CUST021728,ORD0002193,2025-09-05,Fashion,Sneakers,Abuja,2,64643,129286,2025,9,<bound method PandasDelegate._add_delegate_accessors.<locals>._create_delegator_method.<locals>.f of <pandas.core.indexes.accessors.DatetimeProperties object at 0x000001F3106A2900>>,Low
CUST095785,ORD0053380,2021-02-28,Home Appliances,Desk,Lagos,1,96938,96938,2021,2,<bound method PandasDelegate._add_delegate_accessors.<locals>._create_delegator_method.<locals>.f of <pandas.core.indexes.accessors.DatetimeProperties object at 0x000001F3106A2900>>,Low
CUST041987,ORD0043224,2023-04-14,Office Supplies,Blender,Ibadan,4,189265,757060,2023,4,<bound method PandasDelegate._add_delegate_accessors.<locals>._create_delegator_method.<locals>.f of <pandas.core.indexes.accessors.DatetimeProperties object at 0x000001F3106A2900>>,VIP
CUST154806,ORD0014440,2025-05-06,Electronics,Tablet,Enugu,5,64289,321445,2025,5,<bound method PandasDelegate._add_delegate_accessors.<locals>._create_delegator_method.<locals>.f of <pandas.core.indexes.accessors.DatetimeProperties object at 0x000001F3106A2900>>,Mid
CUST152835,ORD0020032,2022-08-06,Fashion,Laptop,Ibadan,1,259370,259370,2022,8,<bound method PandasDelegate._add_delegate_accessors.<locals>._create_delegator_method.<locals>.f of <pandas.core.indexes.accessors.DatetimeProperties object at 0x000001F3106A2900>>,Mid
CUST235841,ORD0041864,2024-03-01,Home Appliances,Laptop,Ibadan,2,112942,225884,2024,3,<bound method PandasDelegate._add_delegate_accessors.<locals>._create_delegator_method.<locals>.f of <pandas.core.indexes.accessors.DatetimeProperties object at 0x000001F3106A2900>>,Mid
CUST153851,ORD0035652,2025-11-08,Electronics,Laptop,Lagos,2,96290,192580,2025,11,<bound method PandasDelegate._add_delegate_accessors.<locals>._create_delegator_method.<locals>.f of <pandas.core.indexes.accessors.DatetimeProperties object at 0x000001F3106A2900>>,Low
CUST168905,ORD0014496,2022-03-14,Fashion,Printer,Port Harcourt,2,294538,589076,2022,3,<bound method PandasDelegate._add_delegate_accessors.<locals>._create_delegator_method.<locals>.f of <pandas.core.indexes.accessors.DatetimeProperties object at 0x000001F3106A2900>>,High
CUST255391,ORD0098121,2021-01-17,Electronics,Tablet,Lagos,1,107529,107529,2021,1,<bound method PandasDelegate._add_delegate_accessors.<locals>._create_delegator_method.<locals>.f of <pandas.core.indexes.accessors.DatetimeProperties object at 0x000001F3106A2900>>,Low
CUST147622,ORD0029334,2022-01-20,Electronics,Smartphone,Port Harcourt,4,80069,320276,2022,1,<bound method PandasDelegate._add_delegate_accessors.<locals>._create_delegator_method.<locals>.f of <pandas.core.indexes.accessors.DatetimeProperties object at 0x000001F3106A2900>>,Mid
CUST209495,ORD0031642,2024-07-01,Fashion,Laptop,Enugu,2,161875,323750,2024,7,<bound method PandasDelegate._add_delegate_accessors.<locals>._create_delegator_method.<locals>.f of <pandas.core.indexes.accessors.DatetimeProperties object at 0x000001F3106A2900>>,Mid
CUST264266,ORD0078354,2022-03-25,Fashion,Blender,Rivers,1,125921,125921,2022,3,<bound method PandasDelegate._add_delegate_accessors.<locals>._create_delegator_method.<locals>.f of <pandas.core.indexes.accessors.DatetimeProperties object at 0x000001F3106A2900>>,Low
CUST000912,ORD0053833,2021-01-14,Office Supplies,Laptop,Lagos,2,12188,24376,2021,1,<bound method PandasDelegate._add_delegate_accessors.<locals>._create_delegator_method.<locals>.f of <pandas.core.indexes.accessors.DatetimeProperties object at 0x000001F3106A2900>>,Low
CUST163120,ORD0068730,2025-02-18,Home Appliances,Blender,Rivers,4,178253,713012,2025,2,<bound method PandasDelegate._add_delegate_accessors.<locals>._create_delegator_method.<locals>.f of <pandas.core.indexes.accessors.DatetimeProperties object at 0x000001F3106A2900>>,High
CUST187136,ORD0019753,2021-03-30,Electronics,Blender,Lagos,1,59728,59728,2021,3,<bound method PandasDelegate._add_delegate_accessors.<locals>._create_delegator_method.<locals>.f of <pandas.core.indexes.accessors.DatetimeProperties object at 0x000001F3106A2900>>,VIP
CUST101496,ORD0028721,2021-06-14,Office Supplies,Blender,Port Harcourt,2,59137,118274,2021,6,<bound method PandasDelegate._add_delegate_accessors.<locals>._create_delegator_method.<locals>.f of <pandas.core.indexes.accessors.DatetimeProperties object at 0x000001F3106A2900>>,Low
CUST160396,ORD0060689,2022-01-12,Electronics,Blender,Kano,1,11944,11944,2022,1,<bound method PandasDelegate._add_delegate_accessors.<locals>._create_delegator_method.<locals>.f of <pandas.core.indexes.accessors.DatetimeProperties object at 0x000001F3106A2900>>,Low
CUST116476,ORD0011149,2025-10-09,Home Appliances,Smartphone,Abuja,1,101380,101380,2025,10,<bound method PandasDelegate._add_delegate_accessors.<locals>._create_delegator_method.<locals>.f of <pandas.core.indexes.accessors.DatetimeProperties object at 0x000001F3106A2900>>,Low
CUST050716,ORD0070371,2021-12-24,Home Appliances,Printer,Rivers,1,239340,239340,2021,12,<bound method PandasDelegate._add_delegate_accessors.<locals>._create_delegator_method.<locals>.f of <pandas.core.indexes.accessors.DatetimeProperties object at 0x000001F3106A2900>>,Mid
CUST026592,ORD0094456,2024-12-12,Fashion,Blender,Rivers,5,156749,783745,2024,12,<bound method PandasDelegate._add_delegate_accessors.<locals>._create_delegator_method.<locals>.f of <pandas.core.indexes.accessors.DatetimeProperties object at 0x000001F3106A2900>>,High
CUST264020,ORD0007562,2023-09-30,Electronics,Smartphone,Rivers,2,208783,417566,2023,9,<bound method PandasDelegate._add_delegate_accessors.<locals>._create_delegator_method.<locals>.f of <pandas.core.indexes.accessors.DatetimeProperties object at 0x000001F3106A2900>>,Mid
CUST165910,ORD0045354,2021-02-07,Office Supplies,Desk,Lagos,2,153912,307824,2021,2,<bound method PandasDelegate._add_delegate_accessors.<locals>._create_delegator_method.<locals>.f of <pandas.core.indexes.accessors.DatetimeProperties object at 0x000001F3106A2900>>,Mid
CUST151903,ORD0083506,2023-05-06,Home Appliances,Blender,Enugu,4,209982,839928,2023,5,<bound method PandasDelegate._add_delegate_accessors.<locals>._create_delegator_method.<locals>.f of <pandas.core.indexes.accessors.DatetimeProperties object at 0x000001F3106A2900>>,VIP
CUST151433,ORD0082738,2021-09-10,Electronics,Sneakers,Enugu,1,85469,85469,2021,9,<bound method PandasDelegate._add_delegate_accessors.<locals>._create_delegator_method.<locals>.f of <pandas.core.indexes.accessors.DatetimeProperties object at 0x000001F3106A2900>>,Low
CUST162435,ORD0006663,2023-03-07,Office Supplies,Desk,Rivers,5,36810,184050,2023,3,<bound method PandasDelegate._add_delegate_accessors.<locals>._create_delegator_method.<locals>.f of <pandas.core.indexes.accessors.DatetimeProperties object at 0x000001F3106A2900>>,Low
CUST247909,ORD0004062,2021-07-21,Home Appliances,Blender,Lagos,4,72416,289664,2021,7,<bound method PandasDelegate._add_delegate_accessors.<locals>._create_delegator_method.<locals>.f of <pandas.core.indexes.accessors.DatetimeProperties object at 0x000001F3106A2900>>,Mid
CUST044215,ORD0082584,2021-11-17,Electronics,Blender,Lagos,3,117722,353166,2021,11,<bound method PandasDelegate._add_delegate_accessors.<locals>._create_delegator_method.<locals>.f of <pandas.core.indexes.accessors.DatetimeProperties object at 0x000001F3106A2900>>,High
CUST032949,ORD0032332,2024-05-03,Office Supplies,Sneakers,Abuja,4,247969,991876,2024,5,<bound method PandasDelegate._add_delegate_accessors.<locals>._create_delegator_method.<locals>.f of <pandas.core.indexes.accessors.DatetimeProperties object at 0x000001F3106A2900>>,VIP
CUST269227,ORD0088817,2024-07-09,Office Supplies,Printer,Ibadan,2,16498,32996,2024,7,<bound method PandasDelegate._add_delegate_accessors.<locals>._create_delegator_method.<locals>.f of <pandas.core.indexes.accessors.DatetimeProperties object at 0x000001F3106A2900>>,Low
CUST176562,ORD0053711,2025-03-08,Electronics,Laptop,Enugu,4,297472,1189888,2025,3,<bound method PandasDelegate._add_delegate_accessors.<locals>._create_delegator_method.<locals>.f of <pandas.core.indexes.accessors.DatetimeProperties object at 0x000001F3106A2900>>,VIP
CUST192470,ORD0076748,2024-05-03,Electronics,Sneakers,Kano,3,22710,68130,2024,5,<bound method PandasDelegate._add_delegate_accessors.<locals>._create_delegator_method.<locals>.f of <pandas.core.indexes.accessors.DatetimeProperties object at 0x000001F3106A2900>>,VIP
CUST030999,ORD0085024,2023-05-01,Fashion,Smartphone,Lagos,3,129948,389844,2023,5,<bound method PandasDelegate._add_delegate_accessors.<locals>._create_delegator_method.<locals>.f of <pandas.core.indexes.accessors.DatetimeProperties object at 0x000001F3106A2900>>,Mid
CUST059665,ORD0061304,2024-03-20,Electronics,Tablet,Port Harcourt,3,184187,552561,2024,3,<bound method PandasDelegate._add_delegate_accessors.<locals>._create_delegator_method.<locals>.f of <pandas.core.indexes.accessors.DatetimeProperties object at 0x000001F3106A2900>>,High
CUST289045,ORD0072629,2024-11-16,Office Supplies,Blender,Abuja,5,58226,291130,2024,11,<bound method PandasDelegate._add_delegate_accessors.<locals>._create_delegator_method.<locals>.f of <pandas.core.indexes.accessors.DatetimeProperties object at 0x000001F3106A2900>>,High
CUST026927,ORD0059896,2022-10-16,Fashion,Laptop,Kano,5,27400,137000,2022,10,<bound method PandasDelegate._add_delegate_accessors.<locals>._create_delegator_method.<locals>.f of <pandas.core.indexes.accessors.DatetimeProperties object at 0x000001F3106A2900>>,Low
CUST237478,ORD0080590,2021-09-27,Electronics,Desk,Port Harcourt,5,247616,1238080,2021,9,<bound method PandasDelegate._add_delegate_accessors.<locals>._create_delegator_method.<locals>.f of <pandas.core.indexes.accessors.DatetimeProperties object at 0x000001F3106A2900>>,VIP
CUST009947,ORD0022913,2025-12-13,Office Supplies,Blender,Kano,2,283412,566824,2025,12,<bound method PandasDelegate._add_delegate_accessors.<locals>._create_delegator_method.<locals>.f of <pandas.core.indexes.accessors.DatetimeProperties object at 0x000001F3106A2900>>,High
CUST170308,ORD0014027,2023-12-23,Electronics,Printer,Kano,2,98765,197530,2023,12,<bound method PandasDelegate._add_delegate_accessors.<locals>._create_delegator_method.<locals>.f of <pandas.core.indexes.accessors.DatetimeProperties object at 0x000001F3106A2900>>,VIP
CUST106580,ORD0088498,2022-01-26,Fashion,Printer,Rivers,2,235401,470802,2022,1,<bound method PandasDelegate._add_delegate_accessors.<locals>._create_delegator_method.<locals>.f of <pandas.core.indexes.accessors.DatetimeProperties object at 0x000001F3106A2900>>,High
CUST110521,ORD0048451,2022-01-25,Fashion,Desk,Port Harcourt,2,26288,52576,2022,1,<bound method PandasDelegate._add_delegate_accessors.<locals>._create_delegator_method.<locals>.f of <pandas.core.indexes.accessors.DatetimeProperties object at 0x000001F3106A2900>>,Low
CUST279211,ORD0065756,2024-10-07,Fashion,Laptop,Rivers,5,76176,380880,2024,10,<bound method PandasDelegate._add_delegate_accessors.<locals>._create_delegator_method.<locals>.f of <pandas.core.indexes.accessors.DatetimeProperties object at 0x000001F3106A2900>>,Mid
CUST014240,ORD0030337,2025-08-14,Home Appliances,Printer,Ibadan,3,50293,150879,2025,8,<bound method PandasDelegate._add_delegate_accessors.<locals>._create_delegator_method.<locals>.f of <pandas.core.indexes.accessors.DatetimeProperties object at 0x000001F3106A2900>>,Low
CUST204936,ORD0057438,2021-12-31,Fashion,Blender,Ibadan,5,123193,615965,2021,12,<bound method PandasDelegate._add_delegate_accessors.<locals>._create_delegator_method.<locals>.f of <pandas.core.indexes.accessors.DatetimeProperties object at 0x000001F3106A2900>>,High
CUST200203,ORD0067239,2025-08-25,Office Supplies,Desk,Kano,3,142139,426417,2025,8,<bound method PandasDelegate._add_delegate_accessors.<locals>._create_delegator_method.<locals>.f of <pandas.core.indexes.accessors.DatetimeProperties object at 0x000001F3106A2900>>,Mid
CUST098087,ORD0051466,2024-01-28,Fashion,Desk,Rivers,3,19240,57720,2024,1,<bound method PandasDelegate._add_delegate_accessors.<locals>._create_delegator_method.<locals>.f of <pandas.core.indexes.accessors.DatetimeProperties object at 0x000001F3106A2900>>,Low
CUST232238,ORD0048197,2022-11-15,Fashion,Desk,Port Harcourt,1,27857,27857,2022,11,<bound method PandasDelegate._add_delegate_accessors.<locals>._create_delegator_method.<locals>.f of <pandas.core.indexes.accessors.DatetimeProperties object at 0x000001F3106A2900>>,Low
CUST034594,ORD0013616,2025-12-17,Home Appliances,Laptop,Ibadan,2,298022,596044,2025,12,<bound method PandasDelegate._add_delegate_accessors.<locals>._create_delegator_method.<locals>.f of <pandas.core.indexes.accessors.DatetimeProperties object at 0x000001F3106A2900>>,High
CUST158883,ORD0050441,2025-03-10,Electronics,Printer,Abuja,2,137120,274240,2025,3,<bound method PandasDelegate._add_delegate_accessors.<locals>._create_delegator_method.<locals>.f of <pandas.core.indexes.accessors.DatetimeProperties object at 0x000001F3106A2900>>,Mid
CUST063735,ORD0031360,2025-09-12,Electronics,Laptop,Abuja,2,184298,368596,2025,9,<bound method PandasDelegate._add_delegate_accessors.<locals>._create_delegator_method.<locals>.f of <pandas.core.indexes.accessors.DatetimeProperties object at 0x000001F3106A2900>>,Mid
CUST176050,ORD0075700,2022-05-07,Office Supplies,Laptop,Kano,2,59941,119882,2022,5,<bound method PandasDelegate._add_delegate_accessors.<locals>._create_delegator_method.<locals>.f of <pandas.core.indexes.accessors.DatetimeProperties object at 0x000001F3106A2900>>,Low
CUST215954,ORD0053162,2023-04-04,Home Appliances,Smartphone,Lagos,2,190368,380736,2023,4,<bound method PandasDelegate._add_delegate_accessors.<locals>._create_delegator_method.<locals>.f of <pandas.core.indexes.accessors.DatetimeProperties object at 0x000001F3106A2900>>,VIP
CUST068090,ORD0041858,2025-05-26,Fashion,Blender,Ibadan,4,259611,1038444,2025,5,<bound method PandasDelegate._add_delegate_accessors.<locals>._create_delegator_method.<locals>.f of <pandas.core.indexes.accessors.DatetimeProperties object at 0x000001F3106A2900>>,VIP
CUST076287,ORD0033312,2024-02-08,Electronics,Printer,Abuja,5,198594,992970,2024,2,<bound method PandasDelegate._add_delegate_accessors.<locals>._create_delegator_method.<locals>.f of <pandas.core.indexes.accessors.DatetimeProperties object at 0x000001F3106A2900>>,VIP
CUST075015,ORD0049355,2023-01-14,Electronics,Printer,Rivers,3,286193,858579,2023,1,<bound method PandasDelegate._add_delegate_accessors.<locals>._create_delegator_method.<locals>.f of <pandas.core.indexes.accessors.DatetimeProperties object at 0x000001F3106A2900>>,VIP
CUST012120,ORD0062182,2024-07-17,Fashion,Printer,Abuja,2,294922,589844,2024,7,<bound method PandasDelegate._add_delegate_accessors.<locals>._create_delegator_method.<locals>.f of <pandas.core.indexes.accessors.DatetimeProperties object at 0x000001F3106A2900>>,VIP
CUST075498,ORD0049061,2024-06-04,Office Supplies,Sneakers,Enugu,3,273083,819249,2024,6,<bound method PandasDelegate._add_delegate_accessors.<locals>._create_delegator_method.<locals>.f of <pandas.core.indexes.accessors.DatetimeProperties object at 0x000001F3106A2900>>,VIP
CUST124682,ORD0067462,2022-01-19,Fashion,Laptop,Kano,4,61810,247240,2022,1,<bound method PandasDelegate._add_delegate_accessors.<locals>._create_delegator_method.<locals>.f of <pandas.core.indexes.accessors.DatetimeProperties object at 0x000001F3106A2900>>,High
CUST295036,ORD0033144,2025-05-22,Electronics,Printer,Abuja,4,68506,274024,2025,5,<bound method PandasDelegate._add_delegate_accessors.<locals>._create_delegator_method.<locals>.f of <pandas.core.indexes.accessors.DatetimeProperties object at 0x000001F3106A2900>>,Mid
CUST107198,ORD0039953,2021-05-11,Electronics,Tablet,Ibadan,3,40400,121200,2021,5,<bound method PandasDelegate._add_delegate_accessors.<locals>._create_delegator_method.<locals>.f of <pandas.core.indexes.accessors.DatetimeProperties object at 0x000001F3106A2900>>,VIP
CUST243763,ORD0027835,2025-02-05,Home Appliances,Printer,Enugu,1,38094,38094,2025,2,<bound method PandasDelegate._add_delegate_accessors.<locals>._create_delegator_method.<locals>.f of <pandas.core.indexes.accessors.DatetimeProperties object at 0x000001F3106A2900>>,VIP
CUST214402,ORD0039467,2025-05-26,Office Supplies,Printer,Port Harcourt,4,224027,896108,2025,5,<bound method PandasDelegate._add_delegate_accessors.<locals>._create_delegator_method.<locals>.f of <pandas.core.indexes.accessors.DatetimeProperties object at 0x000001F3106A2900>>,VIP
CUST264505,ORD0096149,2025-06-06,Electronics,Printer,Abuja,4,137670,550680,2025,6,<bound method PandasDelegate._add_delegate_accessors.<locals>._create_delegator_method.<locals>.f of <pandas.core.indexes.accessors.DatetimeProperties object at 0x000001F3106A2900>>,High
CUST159570,ORD0097513,2022-08-26,Fashion,Printer,Rivers,4,83269,333076,2022,8,<bound method PandasDelegate._add_delegate_accessors.<locals>._create_delegator_method.<locals>.f of <pandas.core.indexes.accessors.DatetimeProperties object at 0x000001F3106A2900>>,Mid
CUST231573,ORD0009906,2024-07-08,Home Appliances,Sneakers,Abuja,2,128393,256786,2024,7,<bound method PandasDelegate._add_delegate_accessors.<locals>._create_delegator_method.<locals>.f of <pandas.core.indexes.accessors.DatetimeProperties object at 0x000001F3106A2900>>,Mid
CUST016720,ORD0063867,2022-07-01,Fashion,Tablet,Enugu,2,26775,53550,2022,7,<bound method PandasDelegate._add_delegate_accessors.<locals>._create_delegator_method.<locals>.f of <pandas.core.indexes.accessors.DatetimeProperties object at 0x000001F3106A2900>>,High
CUST148404,ORD0031010,2021-12-14,Fashion,Blender,Port Harcourt,3,52400,157200,2021,12,<bound method PandasDelegate._add_delegate_accessors.<locals>._create_delegator_method.<locals>.f of <pandas.core.indexes.accessors.DatetimeProperties object at 0x000001F3106A2900>>,Low
CUST111262,ORD0056285,2025-05-15,Fashion,Laptop,Enugu,1,204309,204309,2025,5,<bound method PandasDelegate._add_delegate_accessors.<locals>._create_delegator_method.<locals>.f of <pandas.core.indexes.accessors.DatetimeProperties object at 0x000001F3106A2900>>,Mid
CUST051195,ORD0023509,2022-02-02,Home Appliances,Printer,Enugu,1,169217,169217,2022,2,<bound method PandasDelegate._add_delegate_accessors.<locals>._create_delegator_method.<locals>.f of <pandas.core.indexes.accessors.DatetimeProperties object at 0x000001F3106A2900>>,Low
CUST118328,ORD0078364,2023-09-10,Electronics,Sneakers,Lagos,1,164161,164161,2023,9,<bound method PandasDelegate._add_delegate_accessors.<locals>._create_delegator_method.<locals>.f of <pandas.core.indexes.accessors.DatetimeProperties object at 0x000001F3106A2900>>,High
CUST242380,ORD0052942,2023-07-20,Fashion,Desk,Enugu,1,170408,170408,2023,7,<bound method PandasDelegate._add_delegate_accessors.<locals>._create_delegator_method.<locals>.f of <pandas.core.indexes.accessors.DatetimeProperties object at 0x000001F3106A2900>>,Low
CUST030413,ORD0012938,2023-11-25,Home Appliances,Printer,Abuja,3,89385,268155,2023,11,<bound method PandasDelegate._add_delegate_accessors.<locals>._create_delegator_method.<locals>.f of <pandas.core.indexes.accessors.DatetimeProperties object at 0x000001F3106A2900>>,VIP
CUST139214,ORD0084497,2022-04-04,Home Appliances,Laptop,Port Harcourt,3,232345,697035,2022,4,<bound method PandasDelegate._add_delegate_accessors.<locals>._create_delegator_method.<locals>.f of <pandas.core.indexes.accessors.DatetimeProperties object at 0x000001F3106A2900>>,High
CUST152544,ORD0027886,2024-07-02,Electronics,Laptop,Lagos,5,66256,331280,2024,7,<bound method PandasDelegate._add_delegate_accessors.<locals>._create_delegator_method.<locals>.f of <pandas.core.indexes.accessors.DatetimeProperties object at 0x000001F3106A2900>>,Mid
CUST241682,ORD0069374,2022-12-24,Home Appliances,Tablet,Enugu,4,98299,393196,2022,12,<bound method PandasDelegate._add_delegate_accessors.<locals>._create_delegator_method.<locals>.f of <pandas.core.indexes.accessors.DatetimeProperties object at 0x000001F3106A2900>>,Mid
CUST095824,ORD0059921,2024-10-14,Office Supplies,Desk,Port Harcourt,2,85323,170646,2024,10,<bound method PandasDelegate._add_delegate_accessors.<locals>._create_delegator_method.<locals>.f of <pandas.core.indexes.accessors.DatetimeProperties object at 0x000001F3106A2900>>,Low
CUST091495,ORD0064151,2025-11-16,Electronics,Smartphone,Enugu,5,254010,1270050,2025,11,<bound method PandasDelegate._add_delegate_accessors.<locals>._create_delegator_method.<locals>.f of <pandas.core.indexes.accessors.DatetimeProperties object at 0x000001F3106A2900>>,VIP
CUST272306,ORD0070935,2023-10-16,Office Supplies,Laptop,Port Harcourt,3,92419,277257,2023,10,<bound method PandasDelegate._add_delegate_accessors.<locals>._create_delegator_method.<locals>.f of <pandas.core.indexes.accessors.DatetimeProperties object at 0x000001F3106A2900>>,Mid
CUST202399,ORD0081750,2023-07-20,Home Appliances,Printer,Rivers,1,292347,292347,2023,7,<bound method PandasDelegate._add_delegate_accessors.<locals>._create_delegator_method.<locals>.f of <pandas.core.indexes.accessors.DatetimeProperties object at 0x000001F3106A2900>>,Mid
CUST174189,ORD0004753,2023-11-14,Office Supplies,Laptop,Abuja,4,142153,568612,2023,11,<bound method PandasDelegate._add_delegate_accessors.<locals>._create_delegator_method.<locals>.f of <pandas.core.indexes.accessors.DatetimeProperties object at 0x000001F3106A2900>>,High
CUST027006,ORD0022146,2024-11-19,Office Supplies,Laptop,Abuja,1,266528,266528,2024,11,<bound method PandasDelegate._add_delegate_accessors.<locals>._create_delegator_method.<locals>.f of <pandas.core.indexes.accessors.DatetimeProperties object at 0x000001F3106A2900>>,Mid
CUST051787,ORD0008830,2025-02-24,Electronics,Sneakers,Port Harcourt,1,127470,127470,2025,2,<bound method PandasDelegate._add_delegate_accessors.<locals>._create_delegator_method.<locals>.f of <pandas.core.indexes.accessors.DatetimeProperties object at 0x000001F3106A2900>>,Mid
CUST268121,ORD0090348,2024-08-28,Office Supplies,Sneakers,Port Harcourt,1,224243,224243,2024,8,<bound method PandasDelegate._add_delegate_accessors.<locals>._create_delegator_method.<locals>.f of <pandas.core.indexes.accessors.DatetimeProperties object at 0x000001F3106A2900>>,Mid
CUST205757,ORD0046146,2025-07-07,Electronics,Blender,Enugu,4,11004,44016,2025,7,<bound method PandasDelegate._add_delegate_accessors.<locals>._create_delegator_method.<locals>.f of <pandas.core.indexes.accessors.DatetimeProperties object at 0x000001F3106A2900>>,Low
CUST091160,ORD0057332,2025-11-06,Home Appliances,Desk,Abuja,4,124430,497720,2025,11,<bound method PandasDelegate._add_delegate_accessors.<locals>._create_delegator_method.<locals>.f of <pandas.core.indexes.accessors.DatetimeProperties object at 0x000001F3106A2900>>,High
CUST037721,ORD0095852,2021-02-13,Home Appliances,Laptop,Abuja,1,248032,248032,2021,2,<bound method PandasDelegate._add_delegate_accessors.<locals>._create_delegator_method.<locals>.f of <pandas.core.indexes.accessors.DatetimeProperties object at 0x000001F3106A2900>>,Mid
CUST081278,ORD0073826,2021-03-10,Fashion,Tablet,Enugu,4,289949,1159796,2021,3,<bound method PandasDelegate._add_delegate_accessors.<locals>._create_delegator_method.<locals>.f of <pandas.core.indexes.accessors.DatetimeProperties object at 0x000001F3106A2900>>,VIP
CUST218866,ORD0016792,2022-02-16,Fashion,Tablet,Port Harcourt,4,128452,513808,2022,2,<bound method PandasDelegate._add_delegate_accessors.<locals>._create_delegator_method.<locals>.f of <pandas.core.indexes.accessors.DatetimeProperties object at 0x000001F3106A2900>>,High
CUST207286,ORD0017536,2025-12-17,Home Appliances,Laptop,Ibadan,5,181609,908045,2025,12,<bound method PandasDelegate._add_delegate_accessors.<locals>._create_delegator_method.<locals>.f of <pandas.core.indexes.accessors.DatetimeProperties object at 0x000001F3106A2900>>,VIP
CUST119982,ORD0088289,2023-07-13,Electronics,Desk,Lagos,3,39997,119991,2023,7,<bound method PandasDelegate._add_delegate_accessors.<locals>._create_delegator_method.<locals>.f of <pandas.core.indexes.accessors.DatetimeProperties object at 0x000001F3106A2900>>,VIP
CUST165842,ORD0042711,2023-01-06,Fashion,Smartphone,Rivers,5,161845,809225,2023,1,<bound method PandasDelegate._add_delegate_accessors.<locals>._create_delegator_method.<locals>.f of <pandas.core.indexes.accessors.DatetimeProperties object at 0x000001F3106A2900>>,VIP
CUST283408,ORD0030016,2022-06-06,Electronics,Smartphone,Port Harcourt,5,188087,940435,2022,6,<bound method PandasDelegate._add_delegate_accessors.<locals>._create_delegator_method.<locals>.f of <pandas.core.indexes.accessors.DatetimeProperties object at 0x000001F3106A2900>>,VIP
CUST253214,ORD0050131,2022-04-11,Electronics,Printer,Rivers,4,230420,921680,2022,4,<bound method PandasDelegate._add_delegate_accessors.<locals>._create_delegator_method.<locals>.f of <pandas.core.indexes.accessors.DatetimeProperties object at 0x000001F3106A2900>>,VIP
CUST011540,ORD0007296,2021-06-01,Fashion,Sneakers,Abuja,2,299681,599362,2021,6,<bound method PandasDelegate._add_delegate_accessors.<locals>._create_delegator_method.<locals>.f of <pandas.core.indexes.accessors.DatetimeProperties object at 0x000001F3106A2900>>,High
CUST083575,ORD0022310,2025-01-30,Fashion,Laptop,Port Harcourt,1,13660,13660,2025,1,<bound method PandasDelegate._add_delegate_accessors.<locals>._create_delegator_method.<locals>.f of <pandas.core.indexes.accessors.DatetimeProperties object at 0x000001F3106A2900>>,Low
CUST005159,ORD0079216,2021-12-14,Fashion,Sneakers,Enugu,2,111835,223670,2021,12,<bound method PandasDelegate._add_delegate_accessors.<locals>._create_delegator_method.<locals>.f of <pandas.core.indexes.accessors.DatetimeProperties object at 0x000001F3106A2900>>,Mid
CUST105558,ORD0098141,2022-05-15,Fashion,Blender,Rivers,4,243062,972248,2022,5,<bound method PandasDelegate._add_delegate_accessors.<locals>._create_delegator_method.<locals>.f of <pandas.core.indexes.accessors.DatetimeProperties object at 0x000001F3106A2900>>,VIP
CUST253200,ORD0024018,2022-06-28,Home Appliances,Smartphone,Lagos,2,26318,52636,2022,6,<bound method PandasDelegate._add_delegate_accessors.<locals>._create_delegator_method.<locals>.f of <pandas.core.indexes.accessors.DatetimeProperties object at 0x000001F3106A2900>>,Low
CUST278867,ORD0063864,2025-04-17,Electronics,Tablet,Kano,2,129939,259878,2025,4,<bound method PandasDelegate._add_delegate_accessors.<locals>._create_delegator_method.<locals>.f of <pandas.core.indexes.accessors.DatetimeProperties object at 0x000001F3106A2900>>,Mid
CUST056897,ORD0062664,2024-04-29,Home Appliances,Smartphone,Port Harcourt,2,97701,195402,2024,4,<bound method PandasDelegate._add_delegate_accessors.<locals>._create_delegator_method.<locals>.f of <pandas.core.indexes.accessors.DatetimeProperties object at 0x000001F3106A2900>>,Low
CUST230255,ORD0030633,2025-10-27,Office Supplies,Laptop,Kano,3,270927,812781,2025,10,<bound method PandasDelegate._add_delegate_accessors.<locals>._create_delegator_method.<locals>.f of <pandas.core.indexes.accessors.DatetimeProperties object at 0x000001F3106A2900>>,VIP
CUST265183,ORD0079398,2024-11-18,Fashion,Laptop,Enugu,3,169965,509895,2024,11,<bound method PandasDelegate._add_delegate_accessors.<locals>._create_delegator_method.<locals>.f of <pandas.core.indexes.accessors.DatetimeProperties object at 0x000001F3106A2900>>,VIP
CUST198177,ORD0085751,2022-04-05,Electronics,Printer,Rivers,5,232642,1163210,2022,4,<bound method PandasDelegate._add_delegate_accessors.<locals>._create_delegator_method.<locals>.f of <pandas.core.indexes.accessors.DatetimeProperties object at 0x000001F3106A2900>>,VIP
CUST047071,ORD0073511,2021-06-15,Office Supplies,Blender,Enugu,4,134189,536756,2021,6,<bound method PandasDelegate._add_delegate_accessors.<locals>._create_delegator_method.<locals>.f of <pandas.core.indexes.accessors.DatetimeProperties object at 0x000001F3106A2900>>,VIP
CUST231877,ORD0014230,2024-05-01,Fashion,Tablet,Enugu,1,241658,241658,2024,5,<bound method PandasDelegate._add_delegate_accessors.<locals>._create_delegator_method.<locals>.f of <pandas.core.indexes.accessors.DatetimeProperties object at 0x000001F3106A2900>>,Mid
CUST120607,ORD0004149,2024-02-25,Home Appliances,Sneakers,Port Harcourt,2,13781,27562,2024,2,<bound method PandasDelegate._add_delegate_accessors.<locals>._create_delegator_method.<locals>.f of <pandas.core.indexes.accessors.DatetimeProperties object at 0x000001F3106A2900>>,Low
CUST236832,ORD0076424,2025-11-07,Electronics,Desk,Rivers,5,20931,104655,2025,11,<bound method PandasDelegate._add_delegate_accessors.<locals>._create_delegator_method.<locals>.f of <pandas.core.indexes.accessors.DatetimeProperties object at 0x000001F3106A2900>>,Low
CUST280177,ORD0025272,2023-05-13,Office Supplies,Desk,Ibadan,1,141394,141394,2023,5,<bound method PandasDelegate._add_delegate_accessors.<locals>._create_delegator_method.<locals>.f of <pandas.core.indexes.accessors.DatetimeProperties object at 0x000001F3106A2900>>,Low
CUST198560,ORD0027648,2025-12-06,Electronics,Smartphone,Lagos,1,88509,88509,2025,12,<bound method PandasDelegate._add_delegate_accessors.<locals>._create_delegator_method.<locals>.f of <pandas.core.indexes.accessors.DatetimeProperties object at 0x000001F3106A2900>>,Low
CUST232653,ORD0043327,2025-07-13,Fashion,Laptop,Abuja,4,51410,205640,2025,7,<bound method PandasDelegate._add_delegate_accessors.<locals>._create_delegator_method.<locals>.f of <pandas.core.indexes.accessors.DatetimeProperties object at 0x000001F3106A2900>>,Mid
CUST132281,ORD0030993,2024-11-09,Electronics,Sneakers,Enugu,5,204432,1022160,2024,11,<bound method PandasDelegate._add_delegate_accessors.<locals>._create_delegator_method.<locals>.f of <pandas.core.indexes.accessors.DatetimeProperties object at 0x000001F3106A2900>>,VIP
CUST029985,ORD0001947,2021-04-29,Office Supplies,Smartphone,Kano,4,179407,717628,2021,4,<bound method PandasDelegate._add_delegate_accessors.<locals>._create_delegator_method.<locals>.f of <pandas.core.indexes.accessors.DatetimeProperties object at 0x000001F3106A2900>>,High
CUST223106,ORD0086608,2021-10-06,Home Appliances,Desk,Enugu,1,114216,114216,2021,10,<bound method PandasDelegate._add_delegate_accessors.<locals>._create_delegator_method.<locals>.f of <pandas.core.indexes.accessors.DatetimeProperties object at 0x000001F3106A2900>>,Low
CUST071661,ORD0044502,2024-07-13,Home Appliances,Tablet,Abuja,2,68660,137320,2024,7,<bound method PandasDelegate._add_delegate_accessors.<locals>._create_delegator_method.<locals>.f of <pandas.core.indexes.accessors.DatetimeProperties object at 0x000001F3106A2900>>,Low
CUST180787,ORD0009743,2024-11-06,Electronics,Sneakers,Port Harcourt,1,54037,54037,2024,11,<bound method PandasDelegate._add_delegate_accessors.<locals>._create_delegator_method.<locals>.f of <pandas.core.indexes.accessors.DatetimeProperties object at 0x000001F3106A2900>>,Low
CUST135172,ORD0080655,2025-03-09,Home Appliances,Smartphone,Rivers,3,179307,537921,2025,3,<bound method PandasDelegate._add_delegate_accessors.<locals>._create_delegator_method.<locals>.f of <pandas.core.indexes.accessors.DatetimeProperties object at 0x000001F3106A2900>>,VIP
CUST297810,ORD0092462,2025-11-16,Fashion,Smartphone,Port Harcourt,5,209678,1048390,2025,11,<bound method PandasDelegate._add_delegate_accessors.<locals>._create_delegator_method.<locals>.f of <pandas.core.indexes.accessors.DatetimeProperties object at 0x000001F3106A2900>>,VIP
CUST133320,ORD0051889,2023-09-23,Home Appliances,Sneakers,Kano,3,258863,776589,2023,9,<bound method PandasDelegate._add_delegate_accessors.<locals>._create_delegator_method.<locals>.f of <pandas.core.indexes.accessors.DatetimeProperties object at 0x000001F3106A2900>>,High
CUST023117,ORD0049811,2021-12-16,Electronics,Sneakers,Ibadan,5,223441,1117205,2021,12,<bound method PandasDelegate._add_delegate_accessors.<locals>._create_delegator_method.<locals>.f of <pandas.core.indexes.accessors.DatetimeProperties object at 0x000001F3106A2900>>,VIP
CUST185735,ORD0052638,2022-07-17,Office Supplies,Laptop,Ibadan,4,292958,1171832,2022,7,<bound method PandasDelegate._add_delegate_accessors.<locals>._create_delegator_method.<locals>.f of <pandas.core.indexes.accessors.DatetimeProperties object at 0x000001F3106A2900>>,VIP
CUST109151,ORD0076809,2023-09-10,Fashion,Smartphone,Lagos,4,195557,782228,2023,9,<bound method PandasDelegate._add_delegate_accessors.<locals>._create_delegator_method.<locals>.f of <pandas.core.indexes.accessors.DatetimeProperties object at 0x000001F3106A2900>>,VIP
CUST143066,ORD0062970,2021-01-15,Home Appliances,Laptop,Ibadan,2,254356,508712,2021,1,<bound method PandasDelegate._add_delegate_accessors.<locals>._create_delegator_method.<locals>.f of <pandas.core.indexes.accessors.DatetimeProperties object at 0x000001F3106A2900>>,High
CUST264145,ORD0043350,2021-06-05,Home Appliances,Smartphone,Port Harcourt,5,232935,1164675,2021,6,<bound method PandasDelegate._add_delegate_accessors.<locals>._create_delegator_method.<locals>.f of <pandas.core.indexes.accessors.DatetimeProperties object at 0x000001F3106A2900>>,VIP
CUST083816,ORD0079689,2022-11-22,Electronics,Sneakers,Ibadan,1,28090,28090,2022,11,<bound method PandasDelegate._add_delegate_accessors.<locals>._create_delegator_method.<locals>.f of <pandas.core.indexes.accessors.DatetimeProperties object at 0x000001F3106A2900>>,Low
CUST212871,ORD0045834,2021-07-28,Electronics,Printer,Kano,2,119524,239048,2021,7,<bound method PandasDelegate._add_delegate_accessors.<locals>._create_delegator_method.<locals>.f of <pandas.core.indexes.accessors.DatetimeProperties object at 0x000001F3106A2900>>,Mid
CUST009973,ORD0071404,2022-04-13,Fashion,Desk,Kano,5,157892,789460,2022,4,<bound method PandasDelegate._add_delegate_accessors.<locals>._create_delegator_method.<locals>.f of <pandas.core.indexes.accessors.DatetimeProperties object at 0x000001F3106A2900>>,VIP
CUST108815,ORD0066191,2025-10-25,Electronics,Desk,Rivers,3,236892,710676,2025,10,<bound method PandasDelegate._add_delegate_accessors.<locals>._create_delegator_method.<locals>.f of <pandas.core.indexes.accessors.DatetimeProperties object at 0x000001F3106A2900>>,High
CUST101680,ORD0048428,2022-08-17,Fashion,Blender,Kano,1,194888,194888,2022,8,<bound method PandasDelegate._add_delegate_accessors.<locals>._create_delegator_method.<locals>.f of <pandas.core.indexes.accessors.DatetimeProperties object at 0x000001F3106A2900>>,Low
CUST159293,ORD0085820,2022-10-07,Home Appliances,Laptop,Rivers,3,224383,673149,2022,10,<bound method PandasDelegate._add_delegate_accessors.<locals>._create_delegator_method.<locals>.f of <pandas.core.indexes.accessors.DatetimeProperties object at 0x000001F3106A2900>>,VIP
CUST196638,ORD0064727,2021-06-26,Electronics,Smartphone,Abuja,1,176653,176653,2021,6,<bound method PandasDelegate._add_delegate_accessors.<locals>._create_delegator_method.<locals>.f of <pandas.core.indexes.accessors.DatetimeProperties object at 0x000001F3106A2900>>,Low
CUST277942,ORD0011622,2023-02-04,Home Appliances,Desk,Kano,4,134632,538528,2023,2,<bound method PandasDelegate._add_delegate_accessors.<locals>._create_delegator_method.<locals>.f of <pandas.core.indexes.accessors.DatetimeProperties object at 0x000001F3106A2900>>,VIP
CUST066863,ORD0087993,2024-05-25,Fashion,Desk,Enugu,1,118530,118530,2024,5,<bound method PandasDelegate._add_delegate_accessors.<locals>._create_delegator_method.<locals>.f of <pandas.core.indexes.accessors.DatetimeProperties object at 0x000001F3106A2900>>,Low
CUST277998,ORD0080163,2025-06-15,Electronics,Smartphone,Port Harcourt,4,20605,82420,2025,6,<bound method PandasDelegate._add_delegate_accessors.<locals>._create_delegator_method.<locals>.f of <pandas.core.indexes.accessors.DatetimeProperties object at 0x000001F3106A2900>>,Low
CUST291854,ORD0005078,2023-01-18,Fashion,Desk,Kano,3,168288,504864,2023,1,<bound method PandasDelegate._add_delegate_accessors.<locals>._create_delegator_method.<locals>.f of <pandas.core.indexes.accessors.DatetimeProperties object at 0x000001F3106A2900>>,VIP
CUST052344,ORD0040418,2022-03-08,Electronics,Blender,Lagos,1,45857,45857,2022,3,<bound method PandasDelegate._add_delegate_accessors.<locals>._create_delegator_method.<locals>.f of <pandas.core.indexes.accessors.DatetimeProperties object at 0x000001F3106A2900>>,Low
CUST248805,ORD0062903,2025-10-26,Electronics,Printer,Rivers,2,208607,417214,2025,10,<bound method PandasDelegate._add_delegate_accessors.<locals>._create_delegator_method.<locals>.f of <pandas.core.indexes.accessors.DatetimeProperties object at 0x000001F3106A2900>>,Mid
CUST176069,ORD0096678,2025-04-27,Electronics,Tablet,Abuja,4,58679,234716,2025,4,<bound method PandasDelegate._add_delegate_accessors.<locals>._create_delegator_method.<locals>.f of <pandas.core.indexes.accessors.DatetimeProperties object at 0x000001F3106A2900>>,Mid
CUST013266,ORD0006917,2021-03-28,Home Appliances,Smartphone,Lagos,3,49277,147831,2021,3,<bound method PandasDelegate._add_delegate_accessors.<locals>._create_delegator_method.<locals>.f of <pandas.core.indexes.accessors.DatetimeProperties object at 0x000001F3106A2900>>,High
CUST169025,ORD0023850,2023-09-16,Office Supplies,Smartphone,Port Harcourt,5,185285,926425,2023,9,<bound method PandasDelegate._add_delegate_accessors.<locals>._create_delegator_method.<locals>.f of <pandas.core.indexes.accessors.DatetimeProperties object at 0x000001F3106A2900>>,VIP
CUST203218,ORD0061362,2024-12-24,Home Appliances,Laptop,Lagos,5,281447,1407235,2024,12,<bound method PandasDelegate._add_delegate_accessors.<locals>._create_delegator_method.<locals>.f of <pandas.core.indexes.accessors.DatetimeProperties object at 0x000001F3106A2900>>,VIP
CUST093992,ORD0030878,2025-06-07,Home Appliances,Printer,Abuja,3,237348,712044,2025,6,<bound method PandasDelegate._add_delegate_accessors.<locals>._create_delegator_method.<locals>.f of <pandas.core.indexes.accessors.DatetimeProperties object at 0x000001F3106A2900>>,High
CUST042190,ORD0065027,2021-02-19,Home Appliances,Desk,Ibadan,4,284119,1136476,2021,2,<bound method PandasDelegate._add_delegate_accessors.<locals>._create_delegator_method.<locals>.f of <pandas.core.indexes.accessors.DatetimeProperties object at 0x000001F3106A2900>>,VIP
CUST224238,ORD0028587,2025-09-23,Fashion,Desk,Enugu,1,221395,221395,2025,9,<bound method PandasDelegate._add_delegate_accessors.<locals>._create_delegator_method.<locals>.f of <pandas.core.indexes.accessors.DatetimeProperties object at 0x000001F3106A2900>>,Mid
CUST109658,ORD0019983,2021-04-12,Office Supplies,Desk,Abuja,2,25799,51598,2021,4,<bound method PandasDelegate._add_delegate_accessors.<locals>._create_delegator_method.<locals>.f of <pandas.core.indexes.accessors.DatetimeProperties object at 0x000001F3106A2900>>,Low
CUST028923,ORD0030011,2025-11-01,Electronics,Sneakers,Port Harcourt,2,216089,432178,2025,11,<bound method PandasDelegate._add_delegate_accessors.<locals>._create_delegator_method.<locals>.f of <pandas.core.indexes.accessors.DatetimeProperties object at 0x000001F3106A2900>>,High
CUST222004,ORD0024576,2025-07-04,Home Appliances,Laptop,Port Harcourt,4,80527,322108,2025,7,<bound method PandasDelegate._add_delegate_accessors.<locals>._create_delegator_method.<locals>.f of <pandas.core.indexes.accessors.DatetimeProperties object at 0x000001F3106A2900>>,Mid
CUST137251,ORD0075255,2022-01-21,Fashion,Desk,Enugu,2,183244,366488,2022,1,<bound method PandasDelegate._add_delegate_accessors.<locals>._create_delegator_method.<locals>.f of <pandas.core.indexes.accessors.DatetimeProperties object at 0x000001F3106A2900>>,Mid
CUST033150,ORD0015114,2023-09-30,Fashion,Sneakers,Rivers,4,227928,911712,2023,9,<bound method PandasDelegate._add_delegate_accessors.<locals>._create_delegator_method.<locals>.f of <pandas.core.indexes.accessors.DatetimeProperties object at 0x000001F3106A2900>>,VIP
CUST098036,ORD0010001,2022-01-14,Electronics,Blender,Kano,3,92566,277698,2022,1,<bound method PandasDelegate._add_delegate_accessors.<locals>._create_delegator_method.<locals>.f of <pandas.core.indexes.accessors.DatetimeProperties object at 0x000001F3106A2900>>,Mid
CUST223134,ORD0077257,2025-01-13,Home Appliances,Laptop,Kano,1,15527,15527,2025,1,<bound method PandasDelegate._add_delegate_accessors.<locals>._create_delegator_method.<locals>.f of <pandas.core.indexes.accessors.DatetimeProperties object at 0x000001F3106A2900>>,VIP
CUST138760,ORD0072380,2023-10-03,Office Supplies,Tablet,Rivers,1,111523,111523,2023,10,<bound method PandasDelegate._add_delegate_accessors.<locals>._create_delegator_method.<locals>.f of <pandas.core.indexes.accessors.DatetimeProperties object at 0x000001F3106A2900>>,Low
CUST237808,ORD0039677,2022-05-25,Office Supplies,Printer,Rivers,5,189464,947320,2022,5,<bound method PandasDelegate._add_delegate_accessors.<locals>._create_delegator_method.<locals>.f of <pandas.core.indexes.accessors.DatetimeProperties object at 0x000001F3106A2900>>,VIP
CUST043621,ORD0093308,2024-07-12,Fashion,Printer,Rivers,1,288894,288894,2024,7,<bound method PandasDelegate._add_delegate_accessors.<locals>._create_delegator_method.<locals>.f of <pandas.core.indexes.accessors.DatetimeProperties object at 0x000001F3106A2900>>,Mid
CUST049457,ORD0013451,2022-03-05,Home Appliances,Tablet,Ibadan,1,121936,121936,2022,3,<bound method PandasDelegate._add_delegate_accessors.<locals>._create_delegator_method.<locals>.f of <pandas.core.indexes.accessors.DatetimeProperties object at 0x000001F3106A2900>>,Low
CUST042904,ORD0011112,2023-03-12,Electronics,Sneakers,Ibadan,1,139031,139031,2023,3,<bound method PandasDelegate._add_delegate_accessors.<locals>._create_delegator_method.<locals>.f of <pandas.core.indexes.accessors.DatetimeProperties object at 0x000001F3106A2900>>,Low
CUST041348,ORD0099742,2025-10-03,Fashion,Printer,Enugu,5,35402,177010,2025,10,<bound method PandasDelegate._add_delegate_accessors.<locals>._create_delegator_method.<locals>.f of <pandas.core.indexes.accessors.DatetimeProperties object at 0x000001F3106A2900>>,High
CUST085479,ORD0080856,2022-06-18,Fashion,Sneakers,Enugu,1,8483,8483,2022,6,<bound method PandasDelegate._add_delegate_accessors.<locals>._create_delegator_method.<locals>.f of <pandas.core.indexes.accessors.DatetimeProperties object at 0x000001F3106A2900>>,Mid
CUST262305,ORD0058644,2024-10-14,Office Supplies,Laptop,Lagos,3,129706,389118,2024,10,<bound method PandasDelegate._add_delegate_accessors.<locals>._create_delegator_method.<locals>.f of <pandas.core.indexes.accessors.DatetimeProperties object at 0x000001F3106A2900>>,Mid
CUST160493,ORD0027751,2023-12-24,Electronics,Smartphone,Ibadan,4,7599,30396,2023,12,<bound method PandasDelegate._add_delegate_accessors.<locals>._create_delegator_method.<locals>.f of <pandas.core.indexes.accessors.DatetimeProperties object at 0x000001F3106A2900>>,Low
CUST102835,ORD0005131,2023-04-02,Electronics,Blender,Enugu,1,58664,58664,2023,4,<bound method PandasDelegate._add_delegate_accessors.<locals>._create_delegator_method.<locals>.f of <pandas.core.indexes.accessors.DatetimeProperties object at 0x000001F3106A2900>>,Low
CUST145272,ORD0019509,2022-10-15,Office Supplies,Sneakers,Port Harcourt,5,291671,1458355,2022,10,<bound method PandasDelegate._add_delegate_accessors.<locals>._create_delegator_method.<locals>.f of <pandas.core.indexes.accessors.DatetimeProperties object at 0x000001F3106A2900>>,VIP
CUST106302,ORD0061324,2021-12-27,Home Appliances,Laptop,Port Harcourt,3,216596,649788,2021,12,<bound method PandasDelegate._add_delegate_accessors.<locals>._create_delegator_method.<locals>.f of <pandas.core.indexes.accessors.DatetimeProperties object at 0x000001F3106A2900>>,High
CUST299178,ORD0060529,2021-02-06,Fashion,Printer,Port Harcourt,3,101725,305175,2021,2,<bound method PandasDelegate._add_delegate_accessors.<locals>._create_delegator_method.<locals>.f of <pandas.core.indexes.accessors.DatetimeProperties object at 0x000001F3106A2900>>,Mid
CUST093639,ORD0071165,2023-12-31,Home Appliances,Printer,Port Harcourt,3,258402,775206,2023,12,<bound method PandasDelegate._add_delegate_accessors.<locals>._create_delegator_method.<locals>.f of <pandas.core.indexes.accessors.DatetimeProperties object at 0x000001F3106A2900>>,VIP
CUST056171,ORD0069969,2023-09-20,Electronics,Desk,Abuja,3,170487,511461,2023,9,<bound method PandasDelegate._add_delegate_accessors.<locals>._create_delegator_method.<locals>.f of <pandas.core.indexes.accessors.DatetimeProperties object at 0x000001F3106A2900>>,VIP
CUST063114,ORD0033392,2024-03-07,Home Appliances,Desk,Port Harcourt,4,48713,194852,2024,3,<bound method PandasDelegate._add_delegate_accessors.<locals>._create_delegator_method.<locals>.f of <pandas.core.indexes.accessors.DatetimeProperties object at 0x000001F3106A2900>>,Low
CUST280943,ORD0038525,2023-03-05,Electronics,Desk,Lagos,4,189344,757376,2023,3,<bound method PandasDelegate._add_delegate_accessors.<locals>._create_delegator_method.<locals>.f of <pandas.core.indexes.accessors.DatetimeProperties object at 0x000001F3106A2900>>,VIP
CUST020880,ORD0092737,2025-07-14,Fashion,Tablet,Abuja,3,175363,526089,2025,7,<bound method PandasDelegate._add_delegate_accessors.<locals>._create_delegator_method.<locals>.f of <pandas.core.indexes.accessors.DatetimeProperties object at 0x000001F3106A2900>>,High
CUST049051,ORD0078356,2022-01-08,Electronics,Smartphone,Lagos,1,127225,127225,2022,1,<bound method PandasDelegate._add_delegate_accessors.<locals>._create_delegator_method.<locals>.f of <pandas.core.indexes.accessors.DatetimeProperties object at 0x000001F3106A2900>>,Low
CUST150416,ORD0069429,2021-03-12,Fashion,Smartphone,Port Harcourt,4,114084,456336,2021,3,<bound method PandasDelegate._add_delegate_accessors.<locals>._create_delegator_method.<locals>.f of <pandas.core.indexes.accessors.DatetimeProperties object at 0x000001F3106A2900>>,High
CUST178322,ORD0010971,2023-04-08,Office Supplies,Sneakers,Rivers,2,157427,314854,2023,4,<bound method PandasDelegate._add_delegate_accessors.<locals>._create_delegator_method.<locals>.f of <pandas.core.indexes.accessors.DatetimeProperties object at 0x000001F3106A2900>>,Mid
CUST277486,ORD0096385,2024-12-30,Electronics,Sneakers,Ibadan,4,5533,22132,2024,12,<bound method PandasDelegate._add_delegate_accessors.<locals>._create_delegator_method.<locals>.f of <pandas.core.indexes.accessors.DatetimeProperties object at 0x000001F3106A2900>>,Low
CUST163934,ORD0075781,2025-06-20,Home Appliances,Blender,Abuja,4,193960,775840,2025,6,<bound method PandasDelegate._add_delegate_accessors.<locals>._create_delegator_method.<locals>.f of <pandas.core.indexes.accessors.DatetimeProperties object at 0x000001F3106A2900>>,High
CUST050302,ORD0059495,2024-10-16,Electronics,Printer,Abuja,4,140864,563456,2024,10,<bound method PandasDelegate._add_delegate_accessors.<locals>._create_delegator_method.<locals>.f of <pandas.core.indexes.accessors.DatetimeProperties object at 0x000001F3106A2900>>,High
